<annotation verified="yes">
                                    <folder>Annotation</folder>
                                    <filename>1</filename>
                                    <path>1.jpg</path>
                                    <source>
                                        <database>Unknown</database>
                                    </source>
                                    <size>
                                        <width>640</width>
                                        <height>426</height>
                                        <depth>3</depth>
                                    </size>
                                    <segmented>0</segmented></annotation>