<annotation verified="yes">
                                    <folder>Annotation</folder>
                                    <filename>2</filename>
                                    <path>/2.jpg</path>
                                    <source>
                                        <database>Unknown</database>
                                    </source>
                                    <size>
                                        <width>1200</width>
                                        <height>800</height>
                                        <depth>3</depth>
                                    </size>
                                    <segmented>0</segmented></annotation>