<annotation verified="yes">
                                    <folder>Annotation</folder>
                                    <filename>4</filename>
                                    <path>/4.jpg</path>
                                    <source>
                                        <database>Unknown</database>
                                    </source>
                                    <size>
                                        <width>1024</width>
                                        <height>683</height>
                                        <depth>3</depth>
                                    </size>
                                    <segmented>0</segmented></annotation>