<annotation verified="yes">
                                    <folder>Annotation</folder>
                                    <filename>5</filename>
                                    <path>/5.jpg</path>
                                    <source>
                                        <database>Unknown</database>
                                    </source>
                                    <size>
                                        <width>935</width>
                                        <height>1000</height>
                                        <depth>3</depth>
                                    </size>
                                    <segmented>0</segmented></annotation>