<annotation verified="yes">
                                    <folder>Annotation</folder>
                                    <filename>WIN_20160803_11_31_30_Pro</filename>
                                    <path>/WIN_20160803_11_31_30_Pro.jpg</path>
                                    <source>
                                        <database>Unknown</database>
                                    </source>
                                    <size>
                                        <width>1080</width>
                                        <height>1920</height>
                                        <depth>3</depth>
                                    </size>
                                    <segmented>0</segmented>
                                    <object>
                                            <name>ketchup</name>
                                            <pose>Unspecified</pose>
                                            <bndbox>
                                                <xmin>240</xmin>
                                                <ymin>418</ymin>
                                                <xmax>592</xmax>
                                                <ymax>534</ymax>
                                            </bndbox>
                                    </object>
                                    
                                    <object>
                                            <name>joghurt</name>
                                            <pose>Unspecified</pose>
                                            <bndbox>
                                                <xmin>654</xmin>
                                                <ymin>276</ymin>
                                                <xmax>838</xmax>
                                                <ymax>540</ymax>
                                            </bndbox>
                                    </object>
                                    
                                    <object>
                                            <name>pepper</name>
                                            <pose>Unspecified</pose>
                                            <bndbox>
                                                <xmin>166</xmin>
                                                <ymin>542</ymin>
                                                <xmax>404</xmax>
                                                <ymax>778</ymax>
                                            </bndbox>
                                    </object>
                                    
                                    <object>
                                            <name>orange</name>
                                            <pose>Unspecified</pose>
                                            <bndbox>
                                                <xmin>456</xmin>
                                                <ymin>572</ymin>
                                                <xmax>700</xmax>
                                                <ymax>768</ymax>
                                            </bndbox>
                                    </object>
                                    
                                    <object>
                                            <name>gerkin</name>
                                            <pose>Unspecified</pose>
                                            <bndbox>
                                                <xmin>770</xmin>
                                                <ymin>462</ymin>
                                                <xmax>1002</xmax>
                                                <ymax>782</ymax>
                                            </bndbox>
                                    </object>
                                    
                                    <object>
                                            <name>eggBox</name>
                                            <pose>Unspecified</pose>
                                            <bndbox>
                                                <xmin>36</xmin>
                                                <ymin>988</ymin>
                                                <xmax>362</xmax>
                                                <ymax>1226</ymax>
                                            </bndbox>
                                    </object>
                                    
                                    <object>
                                            <name>avocado</name>
                                            <pose>Unspecified</pose>
                                            <bndbox>
                                                <xmin>386</xmin>
                                                <ymin>994</ymin>
                                                <xmax>632</xmax>
                                                <ymax>1176</ymax>
                                            </bndbox>
                                    </object>
                                    
                                    <object>
                                            <name>pepper</name>
                                            <pose>Unspecified</pose>
                                            <bndbox>
                                                <xmin>636</xmin>
                                                <ymin>960</ymin>
                                                <xmax>810</xmax>
                                                <ymax>1140</ymax>
                                            </bndbox>
                                    </object>
                                    
                                    <object>
                                            <name>onion</name>
                                            <pose>Unspecified</pose>
                                            <bndbox>
                                                <xmin>820</xmin>
                                                <ymin>1014</ymin>
                                                <xmax>1064</xmax>
                                                <ymax>1210</ymax>
                                            </bndbox>
                                    </object>
                                    
                                    <object>
                                            <name>tomato</name>
                                            <pose>Unspecified</pose>
                                            <bndbox>
                                                <xmin>40</xmin>
                                                <ymin>1334</ymin>
                                                <xmax>506</xmax>
                                                <ymax>1578</ymax>
                                            </bndbox>
                                    </object>
                                    
                                    <object>
                                            <name>orangeJuice</name>
                                            <pose>Unspecified</pose>
                                            <bndbox>
                                                <xmin>508</xmin>
                                                <ymin>1262</ymin>
                                                <xmax>734</xmax>
                                                <ymax>1650</ymax>
                                            </bndbox>
                                    </object>
                                    
                                    <object>
                                            <name>champagne</name>
                                            <pose>Unspecified</pose>
                                            <bndbox>
                                                <xmin>770</xmin>
                                                <ymin>1278</ymin>
                                                <xmax>1052</xmax>
                                                <ymax>1654</ymax>
                                            </bndbox>
                                    </object>
                                    </annotation>