<annotation verified="yes">
                                    <folder>Annotation</folder>
                                    <filename>WIN_20160803_11_44_39_Pro</filename>
                                    <path>E:\WorkSpace\ObjectDetection\TensorflowObjectDetectionPipeline\data\liebherr_subset\liebherr\JPEGImages\WIN_20160803_11_44_39_Pro.jpg</path>
                                    <source>
                                        <database>Unknown</database>
                                    </source>
                                    <size>
                                        <width>1080</width>
                                        <height>1920</height>
                                        <depth>3</depth>
                                    </size>
                                    <segmented>0</segmented>
                                    <object>
                                            <name>gerkin</name>
                                            <pose>Unspecified</pose>
                                            <bndbox>
                                                <xmin>488</xmin>
                                                <ymin>326</ymin>
                                                <xmax>660</xmax>
                                                <ymax>568</ymax>
                                            </bndbox>
                                    </object>
                                    
                                    <object>
                                            <name>tabasco</name>
                                            <pose>Unspecified</pose>
                                            <bndbox>
                                                <xmin>102</xmin>
                                                <ymin>522</ymin>
                                                <xmax>212</xmax>
                                                <ymax>780</ymax>
                                            </bndbox>
                                    </object>
                                    
                                    <object>
                                            <name>tomato</name>
                                            <pose>Unspecified</pose>
                                            <bndbox>
                                                <xmin>384</xmin>
                                                <ymin>670</ymin>
                                                <xmax>540</xmax>
                                                <ymax>792</ymax>
                                            </bndbox>
                                    </object>
                                    
                                    <object>
                                            <name>butter</name>
                                            <pose>Unspecified</pose>
                                            <bndbox>
                                                <xmin>606</xmin>
                                                <ymin>670</ymin>
                                                <xmax>886</xmax>
                                                <ymax>800</ymax>
                                            </bndbox>
                                    </object>
                                    
                                    <object>
                                            <name>avocado</name>
                                            <pose>Unspecified</pose>
                                            <bndbox>
                                                <xmin>14</xmin>
                                                <ymin>1002</ymin>
                                                <xmax>228</xmax>
                                                <ymax>1224</ymax>
                                            </bndbox>
                                    </object>
                                    
                                    <object>
                                            <name>pepper</name>
                                            <pose>Unspecified</pose>
                                            <bndbox>
                                                <xmin>222</xmin>
                                                <ymin>948</ymin>
                                                <xmax>410</xmax>
                                                <ymax>1162</ymax>
                                            </bndbox>
                                    </object>
                                    
                                    <object>
                                            <name>pepper</name>
                                            <pose>Unspecified</pose>
                                            <bndbox>
                                                <xmin>408</xmin>
                                                <ymin>994</ymin>
                                                <xmax>606</xmax>
                                                <ymax>1216</ymax>
                                            </bndbox>
                                    </object>
                                    
                                    <object>
                                            <name>tomato</name>
                                            <pose>Unspecified</pose>
                                            <bndbox>
                                                <xmin>608</xmin>
                                                <ymin>998</ymin>
                                                <xmax>922</xmax>
                                                <ymax>1182</ymax>
                                            </bndbox>
                                    </object>
                                    
                                    <object>
                                            <name>eggBox</name>
                                            <pose>Unspecified</pose>
                                            <bndbox>
                                                <xmin>36</xmin>
                                                <ymin>1282</ymin>
                                                <xmax>526</xmax>
                                                <ymax>1584</ymax>
                                            </bndbox>
                                    </object>
                                    
                                    <object>
                                            <name>milk</name>
                                            <pose>Unspecified</pose>
                                            <bndbox>
                                                <xmin>614</xmin>
                                                <ymin>1272</ymin>
                                                <xmax>842</xmax>
                                                <ymax>1588</ymax>
                                            </bndbox>
                                    </object>
                                    </annotation>