<annotation verified="yes">
                                    <folder>Annotation</folder>
                                    <filename>WIN_20160803_12_38_42_Pro</filename>
                                    <path>E:\WorkSpace\ObjectDetection\TensorflowObjectDetectionPipeline\data\liebherr_subset\liebherr\JPEGImages\WIN_20160803_12_38_42_Pro.jpg</path>
                                    <source>
                                        <database>Unknown</database>
                                    </source>
                                    <size>
                                        <width>1080</width>
                                        <height>1920</height>
                                        <depth>3</depth>
                                    </size>
                                    <segmented>0</segmented>
                                    <object>
                                            <name>butter</name>
                                            <pose>Unspecified</pose>
                                            <bndbox>
                                                <xmin>842</xmin>
                                                <ymin>584</ymin>
                                                <xmax>1038</xmax>
                                                <ymax>806</ymax>
                                            </bndbox>
                                    </object>
                                    
                                    <object>
                                            <name>mustard</name>
                                            <pose>Unspecified</pose>
                                            <bndbox>
                                                <xmin>628</xmin>
                                                <ymin>556</ymin>
                                                <xmax>814</xmax>
                                                <ymax>786</ymax>
                                            </bndbox>
                                    </object>
                                    
                                    <object>
                                            <name>orangeJuice</name>
                                            <pose>Unspecified</pose>
                                            <bndbox>
                                                <xmin>316</xmin>
                                                <ymin>238</ymin>
                                                <xmax>532</xmax>
                                                <ymax>788</ymax>
                                            </bndbox>
                                    </object>
                                    
                                    <object>
                                            <name>tomato</name>
                                            <pose>Unspecified</pose>
                                            <bndbox>
                                                <xmin>826</xmin>
                                                <ymin>1066</ymin>
                                                <xmax>980</xmax>
                                                <ymax>1194</ymax>
                                            </bndbox>
                                    </object>
                                    
                                    <object>
                                            <name>ketchup</name>
                                            <pose>Unspecified</pose>
                                            <bndbox>
                                                <xmin>580</xmin>
                                                <ymin>1024</ymin>
                                                <xmax>804</xmax>
                                                <ymax>1222</ymax>
                                            </bndbox>
                                    </object>
                                    
                                    <object>
                                            <name>pepper</name>
                                            <pose>Unspecified</pose>
                                            <bndbox>
                                                <xmin>30</xmin>
                                                <ymin>982</ymin>
                                                <xmax>300</xmax>
                                                <ymax>1222</ymax>
                                            </bndbox>
                                    </object>
                                    
                                    <object>
                                            <name>pepper</name>
                                            <pose>Unspecified</pose>
                                            <bndbox>
                                                <xmin>296</xmin>
                                                <ymin>988</ymin>
                                                <xmax>468</xmax>
                                                <ymax>1176</ymax>
                                            </bndbox>
                                    </object>
                                    
                                    <object>
                                            <name>avocado</name>
                                            <pose>Unspecified</pose>
                                            <bndbox>
                                                <xmin>14</xmin>
                                                <ymin>1404</ymin>
                                                <xmax>308</xmax>
                                                <ymax>1678</ymax>
                                            </bndbox>
                                    </object>
                                    
                                    <object>
                                            <name>onion</name>
                                            <pose>Unspecified</pose>
                                            <bndbox>
                                                <xmin>312</xmin>
                                                <ymin>1342</ymin>
                                                <xmax>530</xmax>
                                                <ymax>1546</ymax>
                                            </bndbox>
                                    </object>
                                    
                                    <object>
                                            <name>water</name>
                                            <pose>Unspecified</pose>
                                            <bndbox>
                                                <xmin>534</xmin>
                                                <ymin>1314</ymin>
                                                <xmax>730</xmax>
                                                <ymax>1658</ymax>
                                            </bndbox>
                                    </object>
                                    
                                    <object>
                                            <name>champagne</name>
                                            <pose>Unspecified</pose>
                                            <bndbox>
                                                <xmin>740</xmin>
                                                <ymin>1304</ymin>
                                                <xmax>978</xmax>
                                                <ymax>1656</ymax>
                                            </bndbox>
                                    </object>
                                    </annotation>