<annotation verified="yes">
                                    <folder>Annotation</folder>
                                    <filename>WIN_20160803_12_36_37_Pro</filename>
                                    <path>E:\WorkSpace\ObjectDetection\TensorflowObjectDetectionPipeline\data\liebherr_subset\liebherr\JPEGImages\WIN_20160803_12_36_37_Pro.jpg</path>
                                    <source>
                                        <database>Unknown</database>
                                    </source>
                                    <size>
                                        <width>1080</width>
                                        <height>1920</height>
                                        <depth>3</depth>
                                    </size>
                                    <segmented>0</segmented>
                                    <object>
                                            <name>butter</name>
                                            <pose>Unspecified</pose>
                                            <bndbox>
                                                <xmin>838</xmin>
                                                <ymin>650</ymin>
                                                <xmax>1064</xmax>
                                                <ymax>778</ymax>
                                            </bndbox>
                                    </object>
                                    
                                    <object>
                                            <name>orangeJuice</name>
                                            <pose>Unspecified</pose>
                                            <bndbox>
                                                <xmin>180</xmin>
                                                <ymin>584</ymin>
                                                <xmax>746</xmax>
                                                <ymax>808</ymax>
                                            </bndbox>
                                    </object>
                                    
                                    <object>
                                            <name>orange</name>
                                            <pose>Unspecified</pose>
                                            <bndbox>
                                                <xmin>240</xmin>
                                                <ymin>970</ymin>
                                                <xmax>480</xmax>
                                                <ymax>1214</ymax>
                                            </bndbox>
                                    </object>
                                    
                                    <object>
                                            <name>ketchup</name>
                                            <pose>Unspecified</pose>
                                            <bndbox>
                                                <xmin>600</xmin>
                                                <ymin>1036</ymin>
                                                <xmax>802</xmax>
                                                <ymax>1246</ymax>
                                            </bndbox>
                                    </object>
                                    
                                    <object>
                                            <name>joghurt</name>
                                            <pose>Unspecified</pose>
                                            <bndbox>
                                                <xmin>832</xmin>
                                                <ymin>878</ymin>
                                                <xmax>1076</xmax>
                                                <ymax>1238</ymax>
                                            </bndbox>
                                    </object>
                                    
                                    <object>
                                            <name>eggBox</name>
                                            <pose>Unspecified</pose>
                                            <bndbox>
                                                <xmin>28</xmin>
                                                <ymin>1286</ymin>
                                                <xmax>428</xmax>
                                                <ymax>1620</ymax>
                                            </bndbox>
                                    </object>
                                    
                                    <object>
                                            <name>water</name>
                                            <pose>Unspecified</pose>
                                            <bndbox>
                                                <xmin>414</xmin>
                                                <ymin>1324</ymin>
                                                <xmax>634</xmax>
                                                <ymax>1672</ymax>
                                            </bndbox>
                                    </object>
                                    
                                    <object>
                                            <name>champagne</name>
                                            <pose>Unspecified</pose>
                                            <bndbox>
                                                <xmin>718</xmin>
                                                <ymin>1312</ymin>
                                                <xmax>970</xmax>
                                                <ymax>1680</ymax>
                                            </bndbox>
                                    </object>
                                    </annotation>