<annotation verified="yes">
                                    <folder>Annotation</folder>
                                    <filename>WIN_20160803_11_43_21_Pro</filename>
                                    <path>E:\WorkSpace\ObjectDetection\TensorflowObjectDetectionPipeline\data\liebherr_subset\liebherr\JPEGImages\WIN_20160803_11_43_21_Pro.jpg</path>
                                    <source>
                                        <database>Unknown</database>
                                    </source>
                                    <size>
                                        <width>1080</width>
                                        <height>1920</height>
                                        <depth>3</depth>
                                    </size>
                                    <segmented>0</segmented>
                                    <object>
                                            <name>tabasco</name>
                                            <pose>Unspecified</pose>
                                            <bndbox>
                                                <xmin>430</xmin>
                                                <ymin>316</ymin>
                                                <xmax>524</xmax>
                                                <ymax>560</ymax>
                                            </bndbox>
                                    </object>
                                    
                                    <object>
                                            <name>gerkin</name>
                                            <pose>Unspecified</pose>
                                            <bndbox>
                                                <xmin>638</xmin>
                                                <ymin>334</ymin>
                                                <xmax>812</xmax>
                                                <ymax>556</ymax>
                                            </bndbox>
                                    </object>
                                    
                                    <object>
                                            <name>avocado</name>
                                            <pose>Unspecified</pose>
                                            <bndbox>
                                                <xmin>100</xmin>
                                                <ymin>620</ymin>
                                                <xmax>354</xmax>
                                                <ymax>782</ymax>
                                            </bndbox>
                                    </object>
                                    
                                    <object>
                                            <name>pepper</name>
                                            <pose>Unspecified</pose>
                                            <bndbox>
                                                <xmin>458</xmin>
                                                <ymin>626</ymin>
                                                <xmax>652</xmax>
                                                <ymax>776</ymax>
                                            </bndbox>
                                    </object>
                                    
                                    <object>
                                            <name>orangeJuice</name>
                                            <pose>Unspecified</pose>
                                            <bndbox>
                                                <xmin>120</xmin>
                                                <ymin>948</ymin>
                                                <xmax>354</xmax>
                                                <ymax>1174</ymax>
                                            </bndbox>
                                    </object>
                                    
                                    <object>
                                            <name>pepper</name>
                                            <pose>Unspecified</pose>
                                            <bndbox>
                                                <xmin>368</xmin>
                                                <ymin>952</ymin>
                                                <xmax>594</xmax>
                                                <ymax>1164</ymax>
                                            </bndbox>
                                    </object>
                                    
                                    <object>
                                            <name>tomato</name>
                                            <pose>Unspecified</pose>
                                            <bndbox>
                                                <xmin>624</xmin>
                                                <ymin>1030</ymin>
                                                <xmax>918</xmax>
                                                <ymax>1202</ymax>
                                            </bndbox>
                                    </object>
                                    
                                    <object>
                                            <name>tomato</name>
                                            <pose>Unspecified</pose>
                                            <bndbox>
                                                <xmin>148</xmin>
                                                <ymin>1416</ymin>
                                                <xmax>316</xmax>
                                                <ymax>1574</ymax>
                                            </bndbox>
                                    </object>
                                    
                                    <object>
                                            <name>milk</name>
                                            <pose>Unspecified</pose>
                                            <bndbox>
                                                <xmin>336</xmin>
                                                <ymin>1274</ymin>
                                                <xmax>548</xmax>
                                                <ymax>1590</ymax>
                                            </bndbox>
                                    </object>
                                    
                                    <object>
                                            <name>milk</name>
                                            <pose>Unspecified</pose>
                                            <bndbox>
                                                <xmin>614</xmin>
                                                <ymin>1260</ymin>
                                                <xmax>810</xmax>
                                                <ymax>1586</ymax>
                                            </bndbox>
                                    </object>
                                    </annotation>