<annotation verified="yes">
                                    <folder>Annotation</folder>
                                    <filename>WIN_20160803_11_29_07_Pro</filename>
                                    <path>/WIN_20160803_11_29_07_Pro.jpg</path>
                                    <source>
                                        <database>Unknown</database>
                                    </source>
                                    <size>
                                        <width>1080</width>
                                        <height>1920</height>
                                        <depth>3</depth>
                                    </size>
                                    <segmented>0</segmented>
                                    <object>
                                            <name>onion</name>
                                            <pose>Unspecified</pose>
                                            <bndbox>
                                                <xmin>300</xmin>
                                                <ymin>392</ymin>
                                                <xmax>478</xmax>
                                                <ymax>534</ymax>
                                            </bndbox>
                                    </object>
                                    
                                    <object>
                                            <name>avocado</name>
                                            <pose>Unspecified</pose>
                                            <bndbox>
                                                <xmin>756</xmin>
                                                <ymin>392</ymin>
                                                <xmax>990</xmax>
                                                <ymax>546</ymax>
                                            </bndbox>
                                    </object>
                                    
                                    <object>
                                            <name>eggBox</name>
                                            <pose>Unspecified</pose>
                                            <bndbox>
                                                <xmin>100</xmin>
                                                <ymin>614</ymin>
                                                <xmax>588</xmax>
                                                <ymax>760</ymax>
                                            </bndbox>
                                    </object>
                                    
                                    <object>
                                            <name>ketchup</name>
                                            <pose>Unspecified</pose>
                                            <bndbox>
                                                <xmin>578</xmin>
                                                <ymin>394</ymin>
                                                <xmax>760</xmax>
                                                <ymax>782</ymax>
                                            </bndbox>
                                    </object>
                                    
                                    <object>
                                            <name>orange</name>
                                            <pose>Unspecified</pose>
                                            <bndbox>
                                                <xmin>784</xmin>
                                                <ymin>588</ymin>
                                                <xmax>1010</xmax>
                                                <ymax>772</ymax>
                                            </bndbox>
                                    </object>
                                    
                                    <object>
                                            <name>pepper</name>
                                            <pose>Unspecified</pose>
                                            <bndbox>
                                                <xmin>126</xmin>
                                                <ymin>950</ymin>
                                                <xmax>364</xmax>
                                                <ymax>1202</ymax>
                                            </bndbox>
                                    </object>
                                    
                                    <object>
                                            <name>gerkin</name>
                                            <pose>Unspecified</pose>
                                            <bndbox>
                                                <xmin>436</xmin>
                                                <ymin>872</ymin>
                                                <xmax>622</xmax>
                                                <ymax>1162</ymax>
                                            </bndbox>
                                    </object>
                                    
                                    <object>
                                            <name>joghurt</name>
                                            <pose>Unspecified</pose>
                                            <bndbox>
                                                <xmin>714</xmin>
                                                <ymin>888</ymin>
                                                <xmax>922</xmax>
                                                <ymax>1176</ymax>
                                            </bndbox>
                                    </object>
                                    
                                    <object>
                                            <name>tomato</name>
                                            <pose>Unspecified</pose>
                                            <bndbox>
                                                <xmin>130</xmin>
                                                <ymin>1338</ymin>
                                                <xmax>484</xmax>
                                                <ymax>1598</ymax>
                                            </bndbox>
                                    </object>
                                    
                                    <object>
                                            <name>orangeJuice</name>
                                            <pose>Unspecified</pose>
                                            <bndbox>
                                                <xmin>516</xmin>
                                                <ymin>1272</ymin>
                                                <xmax>730</xmax>
                                                <ymax>1640</ymax>
                                            </bndbox>
                                    </object>
                                    
                                    <object>
                                            <name>champagne</name>
                                            <pose>Unspecified</pose>
                                            <bndbox>
                                                <xmin>768</xmin>
                                                <ymin>1270</ymin>
                                                <xmax>1062</xmax>
                                                <ymax>1654</ymax>
                                            </bndbox>
                                    </object>
                                    </annotation>