<annotation verified="yes">
                                    <folder>Annotation</folder>
                                    <filename>WIN_20160803_11_30_07_Pro</filename>
                                    <path>/WIN_20160803_11_30_07_Pro.jpg</path>
                                    <source>
                                        <database>Unknown</database>
                                    </source>
                                    <size>
                                        <width>1080</width>
                                        <height>1920</height>
                                        <depth>3</depth>
                                    </size>
                                    <segmented>0</segmented>
                                    <object>
                                            <name>onion</name>
                                            <pose>Unspecified</pose>
                                            <bndbox>
                                                <xmin>290</xmin>
                                                <ymin>394</ymin>
                                                <xmax>490</xmax>
                                                <ymax>522</ymax>
                                            </bndbox>
                                    </object>
                                    
                                    <object>
                                            <name>avocado</name>
                                            <pose>Unspecified</pose>
                                            <bndbox>
                                                <xmin>734</xmin>
                                                <ymin>404</ymin>
                                                <xmax>954</xmax>
                                                <ymax>530</ymax>
                                            </bndbox>
                                    </object>
                                    
                                    <object>
                                            <name>eggBox</name>
                                            <pose>Unspecified</pose>
                                            <bndbox>
                                                <xmin>154</xmin>
                                                <ymin>592</ymin>
                                                <xmax>484</xmax>
                                                <ymax>768</ymax>
                                            </bndbox>
                                    </object>
                                    
                                    <object>
                                            <name>gerkin</name>
                                            <pose>Unspecified</pose>
                                            <bndbox>
                                                <xmin>506</xmin>
                                                <ymin>474</ymin>
                                                <xmax>738</xmax>
                                                <ymax>764</ymax>
                                            </bndbox>
                                    </object>
                                    
                                    <object>
                                            <name>orange</name>
                                            <pose>Unspecified</pose>
                                            <bndbox>
                                                <xmin>758</xmin>
                                                <ymin>588</ymin>
                                                <xmax>1000</xmax>
                                                <ymax>772</ymax>
                                            </bndbox>
                                    </object>
                                    
                                    <object>
                                            <name>pepper</name>
                                            <pose>Unspecified</pose>
                                            <bndbox>
                                                <xmin>230</xmin>
                                                <ymin>942</ymin>
                                                <xmax>430</xmax>
                                                <ymax>1150</ymax>
                                            </bndbox>
                                    </object>
                                    
                                    <object>
                                            <name>ketchup</name>
                                            <pose>Unspecified</pose>
                                            <bndbox>
                                                <xmin>406</xmin>
                                                <ymin>1042</ymin>
                                                <xmax>734</xmax>
                                                <ymax>1216</ymax>
                                            </bndbox>
                                    </object>
                                    
                                    <object>
                                            <name>joghurt</name>
                                            <pose>Unspecified</pose>
                                            <bndbox>
                                                <xmin>780</xmin>
                                                <ymin>868</ymin>
                                                <xmax>984</xmax>
                                                <ymax>1194</ymax>
                                            </bndbox>
                                    </object>
                                    
                                    <object>
                                            <name>tomato</name>
                                            <pose>Unspecified</pose>
                                            <bndbox>
                                                <xmin>136</xmin>
                                                <ymin>1344</ymin>
                                                <xmax>502</xmax>
                                                <ymax>1606</ymax>
                                            </bndbox>
                                    </object>
                                    
                                    <object>
                                            <name>orangeJuice</name>
                                            <pose>Unspecified</pose>
                                            <bndbox>
                                                <xmin>514</xmin>
                                                <ymin>1264</ymin>
                                                <xmax>728</xmax>
                                                <ymax>1648</ymax>
                                            </bndbox>
                                    </object>
                                    
                                    <object>
                                            <name>champagne</name>
                                            <pose>Unspecified</pose>
                                            <bndbox>
                                                <xmin>774</xmin>
                                                <ymin>1252</ymin>
                                                <xmax>1052</xmax>
                                                <ymax>1656</ymax>
                                            </bndbox>
                                    </object>
                                    </annotation>