<annotation verified="yes">
                                    <folder>Annotation</folder>
                                    <filename>WIN_20160803_11_49_02_Pro</filename>
                                    <path>E:\WorkSpace\ObjectDetection\TensorflowObjectDetectionPipeline\data\liebherr_subset\liebherr\JPEGImages\WIN_20160803_11_49_02_Pro.jpg</path>
                                    <source>
                                        <database>Unknown</database>
                                    </source>
                                    <size>
                                        <width>1080</width>
                                        <height>1920</height>
                                        <depth>3</depth>
                                    </size>
                                    <segmented>0</segmented>
                                    <object>
                                            <name>butter</name>
                                            <pose>Unspecified</pose>
                                            <bndbox>
                                                <xmin>602</xmin>
                                                <ymin>684</ymin>
                                                <xmax>862</xmax>
                                                <ymax>782</ymax>
                                            </bndbox>
                                    </object>
                                    
                                    <object>
                                            <name>ketchup</name>
                                            <pose>Unspecified</pose>
                                            <bndbox>
                                                <xmin>188</xmin>
                                                <ymin>646</ymin>
                                                <xmax>544</xmax>
                                                <ymax>780</ymax>
                                            </bndbox>
                                    </object>
                                    
                                    <object>
                                            <name>orange</name>
                                            <pose>Unspecified</pose>
                                            <bndbox>
                                                <xmin>10</xmin>
                                                <ymin>964</ymin>
                                                <xmax>268</xmax>
                                                <ymax>1198</ymax>
                                            </bndbox>
                                    </object>
                                    
                                    <object>
                                            <name>orangeJuice</name>
                                            <pose>Unspecified</pose>
                                            <bndbox>
                                                <xmin>282</xmin>
                                                <ymin>976</ymin>
                                                <xmax>528</xmax>
                                                <ymax>1182</ymax>
                                            </bndbox>
                                    </object>
                                    
                                    <object>
                                            <name>milk</name>
                                            <pose>Unspecified</pose>
                                            <bndbox>
                                                <xmin>656</xmin>
                                                <ymin>966</ymin>
                                                <xmax>872</xmax>
                                                <ymax>1198</ymax>
                                            </bndbox>
                                    </object>
                                    
                                    <object>
                                            <name>eggBox</name>
                                            <pose>Unspecified</pose>
                                            <bndbox>
                                                <xmin>48</xmin>
                                                <ymin>1292</ymin>
                                                <xmax>374</xmax>
                                                <ymax>1618</ymax>
                                            </bndbox>
                                    </object>
                                    
                                    <object>
                                            <name>joghurt</name>
                                            <pose>Unspecified</pose>
                                            <bndbox>
                                                <xmin>370</xmin>
                                                <ymin>1242</ymin>
                                                <xmax>568</xmax>
                                                <ymax>1478</ymax>
                                            </bndbox>
                                    </object>
                                    
                                    <object>
                                            <name>champagne</name>
                                            <pose>Unspecified</pose>
                                            <bndbox>
                                                <xmin>610</xmin>
                                                <ymin>1284</ymin>
                                                <xmax>884</xmax>
                                                <ymax>1610</ymax>
                                            </bndbox>
                                    </object>
                                    </annotation>