<annotation verified="yes">
                                    <folder>Annotation</folder>
                                    <filename>WIN_20160803_12_38_18_Pro</filename>
                                    <path>E:\WorkSpace\ObjectDetection\TensorflowObjectDetectionPipeline\data\liebherr_subset\liebherr\JPEGImages\WIN_20160803_12_38_18_Pro.jpg</path>
                                    <source>
                                        <database>Unknown</database>
                                    </source>
                                    <size>
                                        <width>1080</width>
                                        <height>1920</height>
                                        <depth>3</depth>
                                    </size>
                                    <segmented>0</segmented>
                                    <object>
                                            <name>butter</name>
                                            <pose>Unspecified</pose>
                                            <bndbox>
                                                <xmin>758</xmin>
                                                <ymin>654</ymin>
                                                <xmax>996</xmax>
                                                <ymax>796</ymax>
                                            </bndbox>
                                    </object>
                                    
                                    <object>
                                            <name>orangeJuice</name>
                                            <pose>Unspecified</pose>
                                            <bndbox>
                                                <xmin>448</xmin>
                                                <ymin>204</ymin>
                                                <xmax>666</xmax>
                                                <ymax>792</ymax>
                                            </bndbox>
                                    </object>
                                    
                                    <object>
                                            <name>mustard</name>
                                            <pose>Unspecified</pose>
                                            <bndbox>
                                                <xmin>208</xmin>
                                                <ymin>552</ymin>
                                                <xmax>394</xmax>
                                                <ymax>794</ymax>
                                            </bndbox>
                                    </object>
                                    
                                    <object>
                                            <name>tomato</name>
                                            <pose>Unspecified</pose>
                                            <bndbox>
                                                <xmin>830</xmin>
                                                <ymin>1066</ymin>
                                                <xmax>988</xmax>
                                                <ymax>1204</ymax>
                                            </bndbox>
                                    </object>
                                    
                                    <object>
                                            <name>ketchup</name>
                                            <pose>Unspecified</pose>
                                            <bndbox>
                                                <xmin>472</xmin>
                                                <ymin>1046</ymin>
                                                <xmax>758</xmax>
                                                <ymax>1224</ymax>
                                            </bndbox>
                                    </object>
                                    
                                    <object>
                                            <name>pepper</name>
                                            <pose>Unspecified</pose>
                                            <bndbox>
                                                <xmin>280</xmin>
                                                <ymin>990</ymin>
                                                <xmax>472</xmax>
                                                <ymax>1170</ymax>
                                            </bndbox>
                                    </object>
                                    
                                    <object>
                                            <name>pepper</name>
                                            <pose>Unspecified</pose>
                                            <bndbox>
                                                <xmin>36</xmin>
                                                <ymin>976</ymin>
                                                <xmax>286</xmax>
                                                <ymax>1224</ymax>
                                            </bndbox>
                                    </object>
                                    
                                    <object>
                                            <name>avocado</name>
                                            <pose>Unspecified</pose>
                                            <bndbox>
                                                <xmin>4</xmin>
                                                <ymin>1426</ymin>
                                                <xmax>302</xmax>
                                                <ymax>1642</ymax>
                                            </bndbox>
                                    </object>
                                    
                                    <object>
                                            <name>onion</name>
                                            <pose>Unspecified</pose>
                                            <bndbox>
                                                <xmin>330</xmin>
                                                <ymin>1356</ymin>
                                                <xmax>524</xmax>
                                                <ymax>1544</ymax>
                                            </bndbox>
                                    </object>
                                    
                                    <object>
                                            <name>water</name>
                                            <pose>Unspecified</pose>
                                            <bndbox>
                                                <xmin>538</xmin>
                                                <ymin>1322</ymin>
                                                <xmax>736</xmax>
                                                <ymax>1662</ymax>
                                            </bndbox>
                                    </object>
                                    
                                    <object>
                                            <name>champagne</name>
                                            <pose>Unspecified</pose>
                                            <bndbox>
                                                <xmin>724</xmin>
                                                <ymin>1302</ymin>
                                                <xmax>966</xmax>
                                                <ymax>1678</ymax>
                                            </bndbox>
                                    </object>
                                    </annotation>