<annotation verified="yes">
                                    <folder>Annotation</folder>
                                    <filename>WIN_20160803_11_48_10_Pro</filename>
                                    <path>E:\WorkSpace\ObjectDetection\TensorflowObjectDetectionPipeline\data\liebherr_subset\liebherr\JPEGImages\WIN_20160803_11_48_10_Pro.jpg</path>
                                    <source>
                                        <database>Unknown</database>
                                    </source>
                                    <size>
                                        <width>1080</width>
                                        <height>1920</height>
                                        <depth>3</depth>
                                    </size>
                                    <segmented>0</segmented>
                                    <object>
                                            <name>butter</name>
                                            <pose>Unspecified</pose>
                                            <bndbox>
                                                <xmin>588</xmin>
                                                <ymin>678</ymin>
                                                <xmax>874</xmax>
                                                <ymax>788</ymax>
                                            </bndbox>
                                    </object>
                                    
                                    <object>
                                            <name>ketchup</name>
                                            <pose>Unspecified</pose>
                                            <bndbox>
                                                <xmin>326</xmin>
                                                <ymin>640</ymin>
                                                <xmax>546</xmax>
                                                <ymax>782</ymax>
                                            </bndbox>
                                    </object>
                                    
                                    <object>
                                            <name>gerkin</name>
                                            <pose>Unspecified</pose>
                                            <bndbox>
                                                <xmin>0</xmin>
                                                <ymin>862</ymin>
                                                <xmax>232</xmax>
                                                <ymax>1214</ymax>
                                            </bndbox>
                                    </object>
                                    
                                    <object>
                                            <name>orangeJuice</name>
                                            <pose>Unspecified</pose>
                                            <bndbox>
                                                <xmin>264</xmin>
                                                <ymin>968</ymin>
                                                <xmax>608</xmax>
                                                <ymax>1180</ymax>
                                            </bndbox>
                                    </object>
                                    
                                    <object>
                                            <name>milk</name>
                                            <pose>Unspecified</pose>
                                            <bndbox>
                                                <xmin>576</xmin>
                                                <ymin>970</ymin>
                                                <xmax>916</xmax>
                                                <ymax>1188</ymax>
                                            </bndbox>
                                    </object>
                                    
                                    <object>
                                            <name>eggBox</name>
                                            <pose>Unspecified</pose>
                                            <bndbox>
                                                <xmin>0</xmin>
                                                <ymin>1290</ymin>
                                                <xmax>336</xmax>
                                                <ymax>1626</ymax>
                                            </bndbox>
                                    </object>
                                    
                                    <object>
                                            <name>joghurt</name>
                                            <pose>Unspecified</pose>
                                            <bndbox>
                                                <xmin>532</xmin>
                                                <ymin>1238</ymin>
                                                <xmax>740</xmax>
                                                <ymax>1552</ymax>
                                            </bndbox>
                                    </object>
                                    </annotation>