<annotation verified="yes">
                                    <folder>Annotation</folder>
                                    <filename>WIN_20160803_11_49_17_Pro</filename>
                                    <path>E:\WorkSpace\ObjectDetection\TensorflowObjectDetectionPipeline\data\liebherr_subset\liebherr\JPEGImages\WIN_20160803_11_49_17_Pro.jpg</path>
                                    <source>
                                        <database>Unknown</database>
                                    </source>
                                    <size>
                                        <width>1080</width>
                                        <height>1920</height>
                                        <depth>3</depth>
                                    </size>
                                    <segmented>0</segmented>
                                    <object>
                                            <name>butter</name>
                                            <pose>Unspecified</pose>
                                            <bndbox>
                                                <xmin>594</xmin>
                                                <ymin>680</ymin>
                                                <xmax>872</xmax>
                                                <ymax>788</ymax>
                                            </bndbox>
                                    </object>
                                    
                                    <object>
                                            <name>ketchup</name>
                                            <pose>Unspecified</pose>
                                            <bndbox>
                                                <xmin>168</xmin>
                                                <ymin>654</ymin>
                                                <xmax>542</xmax>
                                                <ymax>788</ymax>
                                            </bndbox>
                                    </object>
                                    
                                    <object>
                                            <name>orange</name>
                                            <pose>Unspecified</pose>
                                            <bndbox>
                                                <xmin>14</xmin>
                                                <ymin>974</ymin>
                                                <xmax>280</xmax>
                                                <ymax>1200</ymax>
                                            </bndbox>
                                    </object>
                                    
                                    <object>
                                            <name>orangeJuice</name>
                                            <pose>Unspecified</pose>
                                            <bndbox>
                                                <xmin>286</xmin>
                                                <ymin>966</ymin>
                                                <xmax>554</xmax>
                                                <ymax>1184</ymax>
                                            </bndbox>
                                    </object>
                                    
                                    <object>
                                            <name>milk</name>
                                            <pose>Unspecified</pose>
                                            <bndbox>
                                                <xmin>648</xmin>
                                                <ymin>968</ymin>
                                                <xmax>888</xmax>
                                                <ymax>1202</ymax>
                                            </bndbox>
                                    </object>
                                    
                                    <object>
                                            <name>eggBox</name>
                                            <pose>Unspecified</pose>
                                            <bndbox>
                                                <xmin>44</xmin>
                                                <ymin>1296</ymin>
                                                <xmax>362</xmax>
                                                <ymax>1602</ymax>
                                            </bndbox>
                                    </object>
                                    
                                    <object>
                                            <name>water</name>
                                            <pose>Unspecified</pose>
                                            <bndbox>
                                                <xmin>346</xmin>
                                                <ymin>1302</ymin>
                                                <xmax>548</xmax>
                                                <ymax>1624</ymax>
                                            </bndbox>
                                    </object>
                                    
                                    <object>
                                            <name>champagne</name>
                                            <pose>Unspecified</pose>
                                            <bndbox>
                                                <xmin>618</xmin>
                                                <ymin>1280</ymin>
                                                <xmax>882</xmax>
                                                <ymax>1602</ymax>
                                            </bndbox>
                                    </object>
                                    </annotation>