<annotation verified="yes">
                                    <folder>Annotation</folder>
                                    <filename>WIN_20160803_12_37_40_Pro</filename>
                                    <path>E:\WorkSpace\ObjectDetection\TensorflowObjectDetectionPipeline\data\liebherr_subset\liebherr\JPEGImages\WIN_20160803_12_37_40_Pro.jpg</path>
                                    <source>
                                        <database>Unknown</database>
                                    </source>
                                    <size>
                                        <width>1080</width>
                                        <height>1920</height>
                                        <depth>3</depth>
                                    </size>
                                    <segmented>0</segmented>
                                    <object>
                                            <name>mustard</name>
                                            <pose>Unspecified</pose>
                                            <bndbox>
                                                <xmin>730</xmin>
                                                <ymin>360</ymin>
                                                <xmax>874</xmax>
                                                <ymax>550</ymax>
                                            </bndbox>
                                    </object>
                                    
                                    <object>
                                            <name>orangeJuice</name>
                                            <pose>Unspecified</pose>
                                            <bndbox>
                                                <xmin>274</xmin>
                                                <ymin>566</ymin>
                                                <xmax>674</xmax>
                                                <ymax>786</ymax>
                                            </bndbox>
                                    </object>
                                    
                                    <object>
                                            <name>butter</name>
                                            <pose>Unspecified</pose>
                                            <bndbox>
                                                <xmin>716</xmin>
                                                <ymin>656</ymin>
                                                <xmax>1034</xmax>
                                                <ymax>798</ymax>
                                            </bndbox>
                                    </object>
                                    
                                    <object>
                                            <name>joghurt</name>
                                            <pose>Unspecified</pose>
                                            <bndbox>
                                                <xmin>790</xmin>
                                                <ymin>884</ymin>
                                                <xmax>1012</xmax>
                                                <ymax>1216</ymax>
                                            </bndbox>
                                    </object>
                                    
                                    <object>
                                            <name>ketchup</name>
                                            <pose>Unspecified</pose>
                                            <bndbox>
                                                <xmin>520</xmin>
                                                <ymin>1042</ymin>
                                                <xmax>768</xmax>
                                                <ymax>1234</ymax>
                                            </bndbox>
                                    </object>
                                    
                                    <object>
                                            <name>pepper</name>
                                            <pose>Unspecified</pose>
                                            <bndbox>
                                                <xmin>278</xmin>
                                                <ymin>990</ymin>
                                                <xmax>464</xmax>
                                                <ymax>1182</ymax>
                                            </bndbox>
                                    </object>
                                    
                                    <object>
                                            <name>pepper</name>
                                            <pose>Unspecified</pose>
                                            <bndbox>
                                                <xmin>38</xmin>
                                                <ymin>978</ymin>
                                                <xmax>302</xmax>
                                                <ymax>1226</ymax>
                                            </bndbox>
                                    </object>
                                    
                                    <object>
                                            <name>onion</name>
                                            <pose>Unspecified</pose>
                                            <bndbox>
                                                <xmin>146</xmin>
                                                <ymin>1422</ymin>
                                                <xmax>466</xmax>
                                                <ymax>1650</ymax>
                                            </bndbox>
                                    </object>
                                    
                                    <object>
                                            <name>water</name>
                                            <pose>Unspecified</pose>
                                            <bndbox>
                                                <xmin>528</xmin>
                                                <ymin>1320</ymin>
                                                <xmax>730</xmax>
                                                <ymax>1652</ymax>
                                            </bndbox>
                                    </object>
                                    
                                    <object>
                                            <name>champagne</name>
                                            <pose>Unspecified</pose>
                                            <bndbox>
                                                <xmin>734</xmin>
                                                <ymin>1302</ymin>
                                                <xmax>994</xmax>
                                                <ymax>1670</ymax>
                                            </bndbox>
                                    </object>
                                    </annotation>