<annotation verified="yes">
                                    <folder>Annotation</folder>
                                    <filename>WIN_20160803_11_48_51_Pro</filename>
                                    <path>E:\WorkSpace\ObjectDetection\TensorflowObjectDetectionPipeline\data\liebherr_subset\liebherr\JPEGImages\WIN_20160803_11_48_51_Pro.jpg</path>
                                    <source>
                                        <database>Unknown</database>
                                    </source>
                                    <size>
                                        <width>1080</width>
                                        <height>1920</height>
                                        <depth>3</depth>
                                    </size>
                                    <segmented>0</segmented>
                                    <object>
                                            <name>butter</name>
                                            <pose>Unspecified</pose>
                                            <bndbox>
                                                <xmin>592</xmin>
                                                <ymin>672</ymin>
                                                <xmax>862</xmax>
                                                <ymax>794</ymax>
                                            </bndbox>
                                    </object>
                                    
                                    <object>
                                            <name>ketchup</name>
                                            <pose>Unspecified</pose>
                                            <bndbox>
                                                <xmin>180</xmin>
                                                <ymin>650</ymin>
                                                <xmax>536</xmax>
                                                <ymax>782</ymax>
                                            </bndbox>
                                    </object>
                                    
                                    <object>
                                            <name>milk</name>
                                            <pose>Unspecified</pose>
                                            <bndbox>
                                                <xmin>640</xmin>
                                                <ymin>968</ymin>
                                                <xmax>876</xmax>
                                                <ymax>1202</ymax>
                                            </bndbox>
                                    </object>
                                    
                                    <object>
                                            <name>orangeJuice</name>
                                            <pose>Unspecified</pose>
                                            <bndbox>
                                                <xmin>282</xmin>
                                                <ymin>972</ymin>
                                                <xmax>542</xmax>
                                                <ymax>1180</ymax>
                                            </bndbox>
                                    </object>
                                    
                                    <object>
                                            <name>orange</name>
                                            <pose>Unspecified</pose>
                                            <bndbox>
                                                <xmin>20</xmin>
                                                <ymin>970</ymin>
                                                <xmax>280</xmax>
                                                <ymax>1204</ymax>
                                            </bndbox>
                                    </object>
                                    
                                    <object>
                                            <name>eggBox</name>
                                            <pose>Unspecified</pose>
                                            <bndbox>
                                                <xmin>50</xmin>
                                                <ymin>1296</ymin>
                                                <xmax>370</xmax>
                                                <ymax>1620</ymax>
                                            </bndbox>
                                    </object>
                                    
                                    <object>
                                            <name>joghurt</name>
                                            <pose>Unspecified</pose>
                                            <bndbox>
                                                <xmin>444</xmin>
                                                <ymin>1248</ymin>
                                                <xmax>656</xmax>
                                                <ymax>1534</ymax>
                                            </bndbox>
                                    </object>
                                    
                                    <object>
                                            <name>tomato</name>
                                            <pose>Unspecified</pose>
                                            <bndbox>
                                                <xmin>764</xmin>
                                                <ymin>1420</ymin>
                                                <xmax>934</xmax>
                                                <ymax>1566</ymax>
                                            </bndbox>
                                    </object>
                                    </annotation>