<annotation verified="yes">
                                    <folder>Annotation</folder>
                                    <filename>WIN_20160803_11_43_40_Pro</filename>
                                    <path>E:\WorkSpace\ObjectDetection\TensorflowObjectDetectionPipeline\data\liebherr_subset\liebherr\JPEGImages\WIN_20160803_11_43_40_Pro.jpg</path>
                                    <source>
                                        <database>Unknown</database>
                                    </source>
                                    <size>
                                        <width>1080</width>
                                        <height>1920</height>
                                        <depth>3</depth>
                                    </size>
                                    <segmented>0</segmented>
                                    <object>
                                            <name>tabasco</name>
                                            <pose>Unspecified</pose>
                                            <bndbox>
                                                <xmin>434</xmin>
                                                <ymin>310</ymin>
                                                <xmax>526</xmax>
                                                <ymax>558</ymax>
                                            </bndbox>
                                    </object>
                                    
                                    <object>
                                            <name>gerkin</name>
                                            <pose>Unspecified</pose>
                                            <bndbox>
                                                <xmin>638</xmin>
                                                <ymin>332</ymin>
                                                <xmax>812</xmax>
                                                <ymax>554</ymax>
                                            </bndbox>
                                    </object>
                                    
                                    <object>
                                            <name>avocado</name>
                                            <pose>Unspecified</pose>
                                            <bndbox>
                                                <xmin>72</xmin>
                                                <ymin>618</ymin>
                                                <xmax>332</xmax>
                                                <ymax>790</ymax>
                                            </bndbox>
                                    </object>
                                    
                                    <object>
                                            <name>pepper</name>
                                            <pose>Unspecified</pose>
                                            <bndbox>
                                                <xmin>490</xmin>
                                                <ymin>628</ymin>
                                                <xmax>686</xmax>
                                                <ymax>786</ymax>
                                            </bndbox>
                                    </object>
                                    
                                    <object>
                                            <name>tomato</name>
                                            <pose>Unspecified</pose>
                                            <bndbox>
                                                <xmin>126</xmin>
                                                <ymin>1060</ymin>
                                                <xmax>280</xmax>
                                                <ymax>1196</ymax>
                                            </bndbox>
                                    </object>
                                    
                                    <object>
                                            <name>pepper</name>
                                            <pose>Unspecified</pose>
                                            <bndbox>
                                                <xmin>330</xmin>
                                                <ymin>952</ymin>
                                                <xmax>524</xmax>
                                                <ymax>1168</ymax>
                                            </bndbox>
                                    </object>
                                    
                                    <object>
                                            <name>tomato</name>
                                            <pose>Unspecified</pose>
                                            <bndbox>
                                                <xmin>610</xmin>
                                                <ymin>1034</ymin>
                                                <xmax>926</xmax>
                                                <ymax>1194</ymax>
                                            </bndbox>
                                    </object>
                                    
                                    <object>
                                            <name>orangeJuice</name>
                                            <pose>Unspecified</pose>
                                            <bndbox>
                                                <xmin>0</xmin>
                                                <ymin>1298</ymin>
                                                <xmax>252</xmax>
                                                <ymax>1586</ymax>
                                            </bndbox>
                                    </object>
                                    
                                    <object>
                                            <name>milk</name>
                                            <pose>Unspecified</pose>
                                            <bndbox>
                                                <xmin>332</xmin>
                                                <ymin>1272</ymin>
                                                <xmax>550</xmax>
                                                <ymax>1596</ymax>
                                            </bndbox>
                                    </object>
                                    
                                    <object>
                                            <name>milk</name>
                                            <pose>Unspecified</pose>
                                            <bndbox>
                                                <xmin>630</xmin>
                                                <ymin>1268</ymin>
                                                <xmax>828</xmax>
                                                <ymax>1574</ymax>
                                            </bndbox>
                                    </object>
                                    </annotation>