<annotation verified="yes">
                                    <folder>Annotation</folder>
                                    <filename>WIN_20160803_11_30_57_Pro</filename>
                                    <path>/WIN_20160803_11_30_57_Pro.jpg</path>
                                    <source>
                                        <database>Unknown</database>
                                    </source>
                                    <size>
                                        <width>1080</width>
                                        <height>1920</height>
                                        <depth>3</depth>
                                    </size>
                                    <segmented>0</segmented>
                                    <object>
                                            <name>ketchup</name>
                                            <pose>Unspecified</pose>
                                            <bndbox>
                                                <xmin>244</xmin>
                                                <ymin>420</ymin>
                                                <xmax>590</xmax>
                                                <ymax>544</ymax>
                                            </bndbox>
                                    </object>
                                    
                                    <object>
                                            <name>joghurt</name>
                                            <pose>Unspecified</pose>
                                            <bndbox>
                                                <xmin>648</xmin>
                                                <ymin>298</ymin>
                                                <xmax>846</xmax>
                                                <ymax>526</ymax>
                                            </bndbox>
                                    </object>
                                    
                                    <object>
                                            <name>pepper</name>
                                            <pose>Unspecified</pose>
                                            <bndbox>
                                                <xmin>172</xmin>
                                                <ymin>548</ymin>
                                                <xmax>402</xmax>
                                                <ymax>758</ymax>
                                            </bndbox>
                                    </object>
                                    
                                    <object>
                                            <name>orange</name>
                                            <pose>Unspecified</pose>
                                            <bndbox>
                                                <xmin>452</xmin>
                                                <ymin>578</ymin>
                                                <xmax>708</xmax>
                                                <ymax>766</ymax>
                                            </bndbox>
                                    </object>
                                    
                                    <object>
                                            <name>gerkin</name>
                                            <pose>Unspecified</pose>
                                            <bndbox>
                                                <xmin>772</xmin>
                                                <ymin>470</ymin>
                                                <xmax>1016</xmax>
                                                <ymax>786</ymax>
                                            </bndbox>
                                    </object>
                                    
                                    <object>
                                            <name>eggBox</name>
                                            <pose>Unspecified</pose>
                                            <bndbox>
                                                <xmin>66</xmin>
                                                <ymin>978</ymin>
                                                <xmax>406</xmax>
                                                <ymax>1218</ymax>
                                            </bndbox>
                                    </object>
                                    
                                    <object>
                                            <name>avocado</name>
                                            <pose>Unspecified</pose>
                                            <bndbox>
                                                <xmin>426</xmin>
                                                <ymin>992</ymin>
                                                <xmax>662</xmax>
                                                <ymax>1184</ymax>
                                            </bndbox>
                                    </object>
                                    
                                    <object>
                                            <name>onion</name>
                                            <pose>Unspecified</pose>
                                            <bndbox>
                                                <xmin>682</xmin>
                                                <ymin>1016</ymin>
                                                <xmax>918</xmax>
                                                <ymax>1220</ymax>
                                            </bndbox>
                                    </object>
                                    
                                    <object>
                                            <name>tomato</name>
                                            <pose>Unspecified</pose>
                                            <bndbox>
                                                <xmin>132</xmin>
                                                <ymin>1352</ymin>
                                                <xmax>490</xmax>
                                                <ymax>1594</ymax>
                                            </bndbox>
                                    </object>
                                    
                                    <object>
                                            <name>orangeJuice</name>
                                            <pose>Unspecified</pose>
                                            <bndbox>
                                                <xmin>522</xmin>
                                                <ymin>1274</ymin>
                                                <xmax>718</xmax>
                                                <ymax>1644</ymax>
                                            </bndbox>
                                    </object>
                                    
                                    <object>
                                            <name>champagne</name>
                                            <pose>Unspecified</pose>
                                            <bndbox>
                                                <xmin>780</xmin>
                                                <ymin>1274</ymin>
                                                <xmax>1058</xmax>
                                                <ymax>1650</ymax>
                                            </bndbox>
                                    </object>
                                    </annotation>