<annotation verified="yes">
                                    <folder>Annotation</folder>
                                    <filename>WIN_20160803_12_37_57_Pro</filename>
                                    <path>E:\WorkSpace\ObjectDetection\TensorflowObjectDetectionPipeline\data\liebherr_subset\liebherr\JPEGImages\WIN_20160803_12_37_57_Pro.jpg</path>
                                    <source>
                                        <database>Unknown</database>
                                    </source>
                                    <size>
                                        <width>1080</width>
                                        <height>1920</height>
                                        <depth>3</depth>
                                    </size>
                                    <segmented>0</segmented>
                                    <object>
                                            <name>mustard</name>
                                            <pose>Unspecified</pose>
                                            <bndbox>
                                                <xmin>724</xmin>
                                                <ymin>364</ymin>
                                                <xmax>874</xmax>
                                                <ymax>556</ymax>
                                            </bndbox>
                                    </object>
                                    
                                    <object>
                                            <name>butter</name>
                                            <pose>Unspecified</pose>
                                            <bndbox>
                                                <xmin>724</xmin>
                                                <ymin>658</ymin>
                                                <xmax>1040</xmax>
                                                <ymax>804</ymax>
                                            </bndbox>
                                    </object>
                                    
                                    <object>
                                            <name>orangeJuice</name>
                                            <pose>Unspecified</pose>
                                            <bndbox>
                                                <xmin>258</xmin>
                                                <ymin>554</ymin>
                                                <xmax>696</xmax>
                                                <ymax>780</ymax>
                                            </bndbox>
                                    </object>
                                    
                                    <object>
                                            <name>pepper</name>
                                            <pose>Unspecified</pose>
                                            <bndbox>
                                                <xmin>60</xmin>
                                                <ymin>978</ymin>
                                                <xmax>294</xmax>
                                                <ymax>1226</ymax>
                                            </bndbox>
                                    </object>
                                    
                                    <object>
                                            <name>pepper</name>
                                            <pose>Unspecified</pose>
                                            <bndbox>
                                                <xmin>276</xmin>
                                                <ymin>988</ymin>
                                                <xmax>474</xmax>
                                                <ymax>1172</ymax>
                                            </bndbox>
                                    </object>
                                    
                                    <object>
                                            <name>ketchup</name>
                                            <pose>Unspecified</pose>
                                            <bndbox>
                                                <xmin>530</xmin>
                                                <ymin>1038</ymin>
                                                <xmax>784</xmax>
                                                <ymax>1222</ymax>
                                            </bndbox>
                                    </object>
                                    
                                    <object>
                                            <name>joghurt</name>
                                            <pose>Unspecified</pose>
                                            <bndbox>
                                                <xmin>790</xmin>
                                                <ymin>882</ymin>
                                                <xmax>1010</xmax>
                                                <ymax>1196</ymax>
                                            </bndbox>
                                    </object>
                                    
                                    <object>
                                            <name>avocado</name>
                                            <pose>Unspecified</pose>
                                            <bndbox>
                                                <xmin>82</xmin>
                                                <ymin>1422</ymin>
                                                <xmax>294</xmax>
                                                <ymax>1640</ymax>
                                            </bndbox>
                                    </object>
                                    
                                    <object>
                                            <name>onion</name>
                                            <pose>Unspecified</pose>
                                            <bndbox>
                                                <xmin>330</xmin>
                                                <ymin>1358</ymin>
                                                <xmax>542</xmax>
                                                <ymax>1552</ymax>
                                            </bndbox>
                                    </object>
                                    
                                    <object>
                                            <name>water</name>
                                            <pose>Unspecified</pose>
                                            <bndbox>
                                                <xmin>522</xmin>
                                                <ymin>1316</ymin>
                                                <xmax>736</xmax>
                                                <ymax>1648</ymax>
                                            </bndbox>
                                    </object>
                                    
                                    <object>
                                            <name>champagne</name>
                                            <pose>Unspecified</pose>
                                            <bndbox>
                                                <xmin>736</xmin>
                                                <ymin>1298</ymin>
                                                <xmax>966</xmax>
                                                <ymax>1668</ymax>
                                            </bndbox>
                                    </object>
                                    </annotation>