<annotation verified="yes">
                                    <folder>Annotation</folder>
                                    <filename>WIN_20160803_11_45_08_Pro</filename>
                                    <path>E:\WorkSpace\ObjectDetection\TensorflowObjectDetectionPipeline\data\liebherr_subset\liebherr\JPEGImages\WIN_20160803_11_45_08_Pro.jpg</path>
                                    <source>
                                        <database>Unknown</database>
                                    </source>
                                    <size>
                                        <width>1080</width>
                                        <height>1920</height>
                                        <depth>3</depth>
                                    </size>
                                    <segmented>0</segmented>
                                    <object>
                                            <name>onion</name>
                                            <pose>Unspecified</pose>
                                            <bndbox>
                                                <xmin>278</xmin>
                                                <ymin>398</ymin>
                                                <xmax>450</xmax>
                                                <ymax>562</ymax>
                                            </bndbox>
                                    </object>
                                    
                                    <object>
                                            <name>gerkin</name>
                                            <pose>Unspecified</pose>
                                            <bndbox>
                                                <xmin>478</xmin>
                                                <ymin>324</ymin>
                                                <xmax>674</xmax>
                                                <ymax>554</ymax>
                                            </bndbox>
                                    </object>
                                    
                                    <object>
                                            <name>tabasco</name>
                                            <pose>Unspecified</pose>
                                            <bndbox>
                                                <xmin>222</xmin>
                                                <ymin>482</ymin>
                                                <xmax>326</xmax>
                                                <ymax>780</ymax>
                                            </bndbox>
                                    </object>
                                    
                                    <object>
                                            <name>tomato</name>
                                            <pose>Unspecified</pose>
                                            <bndbox>
                                                <xmin>388</xmin>
                                                <ymin>680</ymin>
                                                <xmax>548</xmax>
                                                <ymax>790</ymax>
                                            </bndbox>
                                    </object>
                                    
                                    <object>
                                            <name>butter</name>
                                            <pose>Unspecified</pose>
                                            <bndbox>
                                                <xmin>606</xmin>
                                                <ymin>674</ymin>
                                                <xmax>894</xmax>
                                                <ymax>802</ymax>
                                            </bndbox>
                                    </object>
                                    
                                    <object>
                                            <name>avocado</name>
                                            <pose>Unspecified</pose>
                                            <bndbox>
                                                <xmin>0</xmin>
                                                <ymin>1008</ymin>
                                                <xmax>230</xmax>
                                                <ymax>1214</ymax>
                                            </bndbox>
                                    </object>
                                    
                                    <object>
                                            <name>pepper</name>
                                            <pose>Unspecified</pose>
                                            <bndbox>
                                                <xmin>222</xmin>
                                                <ymin>948</ymin>
                                                <xmax>408</xmax>
                                                <ymax>1152</ymax>
                                            </bndbox>
                                    </object>
                                    
                                    <object>
                                            <name>pepper</name>
                                            <pose>Unspecified</pose>
                                            <bndbox>
                                                <xmin>402</xmin>
                                                <ymin>1006</ymin>
                                                <xmax>614</xmax>
                                                <ymax>1206</ymax>
                                            </bndbox>
                                    </object>
                                    
                                    <object>
                                            <name>tomato</name>
                                            <pose>Unspecified</pose>
                                            <bndbox>
                                                <xmin>612</xmin>
                                                <ymin>1002</ymin>
                                                <xmax>924</xmax>
                                                <ymax>1172</ymax>
                                            </bndbox>
                                    </object>
                                    
                                    <object>
                                            <name>eggBox</name>
                                            <pose>Unspecified</pose>
                                            <bndbox>
                                                <xmin>0</xmin>
                                                <ymin>1284</ymin>
                                                <xmax>330</xmax>
                                                <ymax>1616</ymax>
                                            </bndbox>
                                    </object>
                                    
                                    <object>
                                            <name>milk</name>
                                            <pose>Unspecified</pose>
                                            <bndbox>
                                                <xmin>390</xmin>
                                                <ymin>1280</ymin>
                                                <xmax>828</xmax>
                                                <ymax>1472</ymax>
                                            </bndbox>
                                    </object>
                                    </annotation>