<annotation verified="yes">
                                    <folder>Annotation</folder>
                                    <filename>WIN_20160803_12_37_19_Pro</filename>
                                    <path>E:\WorkSpace\ObjectDetection\TensorflowObjectDetectionPipeline\data\liebherr_subset\liebherr\JPEGImages\WIN_20160803_12_37_19_Pro.jpg</path>
                                    <source>
                                        <database>Unknown</database>
                                    </source>
                                    <size>
                                        <width>1080</width>
                                        <height>1920</height>
                                        <depth>3</depth>
                                    </size>
                                    <segmented>0</segmented>
                                    <object>
                                            <name>tomato</name>
                                            <pose>Unspecified</pose>
                                            <bndbox>
                                                <xmin>828</xmin>
                                                <ymin>1068</ymin>
                                                <xmax>982</xmax>
                                                <ymax>1196</ymax>
                                            </bndbox>
                                    </object>
                                    
                                    <object>
                                            <name>champagne</name>
                                            <pose>Unspecified</pose>
                                            <bndbox>
                                                <xmin>730</xmin>
                                                <ymin>1298</ymin>
                                                <xmax>986</xmax>
                                                <ymax>1682</ymax>
                                            </bndbox>
                                    </object>
                                    
                                    <object>
                                            <name>water</name>
                                            <pose>Unspecified</pose>
                                            <bndbox>
                                                <xmin>524</xmin>
                                                <ymin>1314</ymin>
                                                <xmax>730</xmax>
                                                <ymax>1668</ymax>
                                            </bndbox>
                                    </object>
                                    
                                    <object>
                                            <name>mustard</name>
                                            <pose>Unspecified</pose>
                                            <bndbox>
                                                <xmin>724</xmin>
                                                <ymin>358</ymin>
                                                <xmax>882</xmax>
                                                <ymax>556</ymax>
                                            </bndbox>
                                    </object>
                                    
                                    <object>
                                            <name>orangeJuice</name>
                                            <pose>Unspecified</pose>
                                            <bndbox>
                                                <xmin>238</xmin>
                                                <ymin>564</ymin>
                                                <xmax>634</xmax>
                                                <ymax>780</ymax>
                                            </bndbox>
                                    </object>
                                    
                                    <object>
                                            <name>butter</name>
                                            <pose>Unspecified</pose>
                                            <bndbox>
                                                <xmin>714</xmin>
                                                <ymin>660</ymin>
                                                <xmax>1038</xmax>
                                                <ymax>792</ymax>
                                            </bndbox>
                                    </object>
                                    
                                    <object>
                                            <name>pepper</name>
                                            <pose>Unspecified</pose>
                                            <bndbox>
                                                <xmin>56</xmin>
                                                <ymin>970</ymin>
                                                <xmax>284</xmax>
                                                <ymax>1234</ymax>
                                            </bndbox>
                                    </object>
                                    
                                    <object>
                                            <name>pepper</name>
                                            <pose>Unspecified</pose>
                                            <bndbox>
                                                <xmin>282</xmin>
                                                <ymin>984</ymin>
                                                <xmax>476</xmax>
                                                <ymax>1178</ymax>
                                            </bndbox>
                                    </object>
                                    
                                    <object>
                                            <name>ketchup</name>
                                            <pose>Unspecified</pose>
                                            <bndbox>
                                                <xmin>504</xmin>
                                                <ymin>1050</ymin>
                                                <xmax>810</xmax>
                                                <ymax>1222</ymax>
                                            </bndbox>
                                    </object>
                                    
                                    <object>
                                            <name>joghurt</name>
                                            <pose>Unspecified</pose>
                                            <bndbox>
                                                <xmin>792</xmin>
                                                <ymin>888</ymin>
                                                <xmax>1020</xmax>
                                                <ymax>1210</ymax>
                                            </bndbox>
                                    </object>
                                    
                                    <object>
                                            <name>eggBox</name>
                                            <pose>Unspecified</pose>
                                            <bndbox>
                                                <xmin>184</xmin>
                                                <ymin>1310</ymin>
                                                <xmax>516</xmax>
                                                <ymax>1616</ymax>
                                            </bndbox>
                                    </object>
                                    </annotation>