<annotation verified="yes">
                                    <folder>Annotation</folder>
                                    <filename>WIN_20160803_11_45_41_Pro</filename>
                                    <path>E:\WorkSpace\ObjectDetection\TensorflowObjectDetectionPipeline\data\liebherr_subset\liebherr\JPEGImages\WIN_20160803_11_45_41_Pro.jpg</path>
                                    <source>
                                        <database>Unknown</database>
                                    </source>
                                    <size>
                                        <width>1080</width>
                                        <height>1920</height>
                                        <depth>3</depth>
                                    </size>
                                    <segmented>0</segmented>
                                    <object>
                                            <name>gerkin</name>
                                            <pose>Unspecified</pose>
                                            <bndbox>
                                                <xmin>582</xmin>
                                                <ymin>350</ymin>
                                                <xmax>748</xmax>
                                                <ymax>562</ymax>
                                            </bndbox>
                                    </object>
                                    
                                    <object>
                                            <name>tabasco</name>
                                            <pose>Unspecified</pose>
                                            <bndbox>
                                                <xmin>198</xmin>
                                                <ymin>484</ymin>
                                                <xmax>310</xmax>
                                                <ymax>778</ymax>
                                            </bndbox>
                                    </object>
                                    
                                    <object>
                                            <name>tomato</name>
                                            <pose>Unspecified</pose>
                                            <bndbox>
                                                <xmin>420</xmin>
                                                <ymin>674</ymin>
                                                <xmax>584</xmax>
                                                <ymax>798</ymax>
                                            </bndbox>
                                    </object>
                                    
                                    <object>
                                            <name>butter</name>
                                            <pose>Unspecified</pose>
                                            <bndbox>
                                                <xmin>612</xmin>
                                                <ymin>666</ymin>
                                                <xmax>842</xmax>
                                                <ymax>794</ymax>
                                            </bndbox>
                                    </object>
                                    
                                    <object>
                                            <name>milk</name>
                                            <pose>Unspecified</pose>
                                            <bndbox>
                                                <xmin>68</xmin>
                                                <ymin>980</ymin>
                                                <xmax>296</xmax>
                                                <ymax>1212</ymax>
                                            </bndbox>
                                    </object>
                                    
                                    <object>
                                            <name>avocado</name>
                                            <pose>Unspecified</pose>
                                            <bndbox>
                                                <xmin>390</xmin>
                                                <ymin>1004</ymin>
                                                <xmax>556</xmax>
                                                <ymax>1180</ymax>
                                            </bndbox>
                                    </object>
                                    
                                    <object>
                                            <name>tomato</name>
                                            <pose>Unspecified</pose>
                                            <bndbox>
                                                <xmin>604</xmin>
                                                <ymin>1010</ymin>
                                                <xmax>928</xmax>
                                                <ymax>1180</ymax>
                                            </bndbox>
                                    </object>
                                    
                                    <object>
                                            <name>eggBox</name>
                                            <pose>Unspecified</pose>
                                            <bndbox>
                                                <xmin>2</xmin>
                                                <ymin>1282</ymin>
                                                <xmax>312</xmax>
                                                <ymax>1622</ymax>
                                            </bndbox>
                                    </object>
                                    
                                    <object>
                                            <name>pepper</name>
                                            <pose>Unspecified</pose>
                                            <bndbox>
                                                <xmin>324</xmin>
                                                <ymin>1278</ymin>
                                                <xmax>554</xmax>
                                                <ymax>1484</ymax>
                                            </bndbox>
                                    </object>
                                    
                                    <object>
                                            <name>onion</name>
                                            <pose>Unspecified</pose>
                                            <bndbox>
                                                <xmin>556</xmin>
                                                <ymin>1314</ymin>
                                                <xmax>752</xmax>
                                                <ymax>1600</ymax>
                                            </bndbox>
                                    </object>
                                    
                                    <object>
                                            <name>pepper</name>
                                            <pose>Unspecified</pose>
                                            <bndbox>
                                                <xmin>662</xmin>
                                                <ymin>1268</ymin>
                                                <xmax>844</xmax>
                                                <ymax>1468</ymax>
                                            </bndbox>
                                    </object>
                                    </annotation>