<?xml version="1.0" ?>
<annotation>
   <folder>Annotation</folder>
   <filename>0</filename>
   <path>/0.jpg</path>
   <size>
      <width>1000</width>
      <height>1333</height>
      <depth>3</depth>
   </size>
   <object>
      <name>joghurt</name>
      <pose>Unspecified</pose>
      <bndbox>
         <xmin>213</xmin>
         <ymin>337</ymin>
         <xmax>329</xmax>
         <ymax>473</ymax>
      </bndbox>
   </object>
   <object>
      <name>squash</name>
      <pose>Unspecified</pose>
      <bndbox>
         <xmin>356</xmin>
         <ymin>347</ymin>
         <xmax>476</xmax>
         <ymax>468</ymax>
      </bndbox>
   </object>
   <object>
      <name>mushroom</name>
      <pose>Unspecified</pose>
      <bndbox>
         <xmin>489</xmin>
         <ymin>408</ymin>
         <xmax>621</xmax>
         <ymax>468</ymax>
      </bndbox>
   </object>
   <object>
      <name>eggBox</name>
      <pose>Unspecified</pose>
      <bndbox>
         <xmin>663</xmin>
         <ymin>393</ymin>
         <xmax>804</xmax>
         <ymax>467</ymax>
      </bndbox>
   </object>
   <object>
      <name>ketchup</name>
      <pose>Unspecified</pose>
      <bndbox>
         <xmin>623</xmin>
         <ymin>549</ymin>
         <xmax>720</xmax>
         <ymax>619</ymax>
      </bndbox>
   </object>
   <object>
      <name>mustard</name>
      <pose>Unspecified</pose>
      <bndbox>
         <xmin>475</xmin>
         <ymin>559</ymin>
         <xmax>565</xmax>
         <ymax>623</ymax>
      </bndbox>
   </object>
   <object>
      <name>water</name>
      <pose>Unspecified</pose>
      <bndbox>
         <xmin>656</xmin>
         <ymin>709</ymin>
         <xmax>726</xmax>
         <ymax>892</ymax>
      </bndbox>
   </object>
   <object>
      <name>orange</name>
      <pose>Unspecified</pose>
      <bndbox>
         <xmin>361</xmin>
         <ymin>810</ymin>
         <xmax>435</xmax>
         <ymax>880</ymax>
      </bndbox>
   </object>
   <object>
      <name>squash</name>
      <pose>Unspecified</pose>
      <bndbox>
         <xmin>207</xmin>
         <ymin>741</ymin>
         <xmax>327</xmax>
         <ymax>881</ymax>
      </bndbox>
   </object>
</annotation>
