<?xml version="1.0" ?>
<annotation>
   <folder>Annotation</folder>
   <filename>11</filename>
   <path>/11.jpg</path>
   <size>
      <width>1000</width>
      <height>1333</height>
      <depth>3</depth>
   </size>
   <object>
      <name>water</name>
      <pose>Unspecified</pose>
      <bndbox>
         <xmin>175</xmin>
         <ymin>457</ymin>
         <xmax>265</xmax>
         <ymax>536</ymax>
      </bndbox>
   </object>
   <object>
      <name>squash</name>
      <pose>Unspecified</pose>
      <bndbox>
         <xmin>419</xmin>
         <ymin>389</ymin>
         <xmax>537</xmax>
         <ymax>528</ymax>
      </bndbox>
   </object>
   <object>
      <name>mushroom</name>
      <pose>Unspecified</pose>
      <bndbox>
         <xmin>617</xmin>
         <ymin>460</ymin>
         <xmax>760</xmax>
         <ymax>527</ymax>
      </bndbox>
   </object>
   <object>
      <name>orange</name>
      <pose>Unspecified</pose>
      <bndbox>
         <xmin>724</xmin>
         <ymin>603</ymin>
         <xmax>806</xmax>
         <ymax>670</ymax>
      </bndbox>
   </object>
   <object>
      <name>eggBox</name>
      <pose>Unspecified</pose>
      <bndbox>
         <xmin>536</xmin>
         <ymin>579</ymin>
         <xmax>677</xmax>
         <ymax>677</ymax>
      </bndbox>
   </object>
   <object>
      <name>mustard</name>
      <pose>Unspecified</pose>
      <bndbox>
         <xmin>694</xmin>
         <ymin>873</ymin>
         <xmax>770</xmax>
         <ymax>962</ymax>
      </bndbox>
   </object>
   <object>
      <name>joghurt</name>
      <pose>Unspecified</pose>
      <bndbox>
         <xmin>499</xmin>
         <ymin>774</ymin>
         <xmax>603</xmax>
         <ymax>916</ymax>
      </bndbox>
   </object>
   <object>
      <name>ketchup</name>
      <pose>Unspecified</pose>
      <bndbox>
         <xmin>383</xmin>
         <ymin>793</ymin>
         <xmax>443</xmax>
         <ymax>868</ymax>
      </bndbox>
   </object>
   <object>
      <name>squash</name>
      <pose>Unspecified</pose>
      <bndbox>
         <xmin>296</xmin>
         <ymin>1010</ymin>
         <xmax>419</xmax>
         <ymax>1153</ymax>
      </bndbox>
   </object>
</annotation>
