<?xml version="1.0" ?>
<annotation>
   <folder>Annotation</folder>
   <filename>12</filename>
   <path>/12.jpg</path>
   <size>
      <width>1000</width>
      <height>1333</height>
      <depth>3</depth>
   </size>
   <object>
      <name>water</name>
      <pose>Unspecified</pose>
      <bndbox>
         <xmin>312</xmin>
         <ymin>316</ymin>
         <xmax>373</xmax>
         <ymax>484</ymax>
      </bndbox>
   </object>
   <object>
      <name>mushroom</name>
      <pose>Unspecified</pose>
      <bndbox>
         <xmin>463</xmin>
         <ymin>423</ymin>
         <xmax>587</xmax>
         <ymax>493</ymax>
      </bndbox>
   </object>
   <object>
      <name>squash</name>
      <pose>Unspecified</pose>
      <bndbox>
         <xmin>655</xmin>
         <ymin>361</ymin>
         <xmax>758</xmax>
         <ymax>485</ymax>
      </bndbox>
   </object>
   <object>
      <name>eggBox</name>
      <pose>Unspecified</pose>
      <bndbox>
         <xmin>541</xmin>
         <ymin>541</ymin>
         <xmax>686</xmax>
         <ymax>641</ymax>
      </bndbox>
   </object>
   <object>
      <name>joghurt</name>
      <pose>Unspecified</pose>
      <bndbox>
         <xmin>596</xmin>
         <ymin>718</ymin>
         <xmax>690</xmax>
         <ymax>841</ymax>
      </bndbox>
   </object>
   <object>
      <name>mustard</name>
      <pose>Unspecified</pose>
      <bndbox>
         <xmin>737</xmin>
         <ymin>848</ymin>
         <xmax>824</xmax>
         <ymax>932</ymax>
      </bndbox>
   </object>
   <object>
      <name>ketchup</name>
      <pose>Unspecified</pose>
      <bndbox>
         <xmin>387</xmin>
         <ymin>749</ymin>
         <xmax>448</xmax>
         <ymax>824</ymax>
      </bndbox>
   </object>
   <object>
      <name>orange</name>
      <pose>Unspecified</pose>
      <bndbox>
         <xmin>225</xmin>
         <ymin>814</ymin>
         <xmax>301</xmax>
         <ymax>882</ymax>
      </bndbox>
   </object>
   <object>
      <name>squash</name>
      <pose>Unspecified</pose>
      <bndbox>
         <xmin>295</xmin>
         <ymin>957</ymin>
         <xmax>416</xmax>
         <ymax>1090</ymax>
      </bndbox>
   </object>
</annotation>
