<?xml version="1.0" ?>
<annotation>
   <folder>Annotation</folder>
   <filename>13</filename>
   <path>/13.jpg</path>
   <size>
      <width>1000</width>
      <height>1333</height>
      <depth>3</depth>
   </size>
   <object>
      <name>squash</name>
      <pose>Unspecified</pose>
      <bndbox>
         <xmin>201</xmin>
         <ymin>348</ymin>
         <xmax>324</xmax>
         <ymax>491</ymax>
      </bndbox>
   </object>
   <object>
      <name>water</name>
      <pose>Unspecified</pose>
      <bndbox>
         <xmin>480</xmin>
         <ymin>425</ymin>
         <xmax>612</xmax>
         <ymax>493</ymax>
      </bndbox>
   </object>
   <object>
      <name>squash</name>
      <pose>Unspecified</pose>
      <bndbox>
         <xmin>681</xmin>
         <ymin>349</ymin>
         <xmax>814</xmax>
         <ymax>499</ymax>
      </bndbox>
   </object>
   <object>
      <name>eggBox</name>
      <pose>Unspecified</pose>
      <bndbox>
         <xmin>520</xmin>
         <ymin>545</ymin>
         <xmax>672</xmax>
         <ymax>640</ymax>
      </bndbox>
   </object>
   <object>
      <name>mushroom</name>
      <pose>Unspecified</pose>
      <bndbox>
         <xmin>694</xmin>
         <ymin>573</ymin>
         <xmax>830</xmax>
         <ymax>647</ymax>
      </bndbox>
   </object>
   <object>
      <name>joghurt</name>
      <pose>Unspecified</pose>
      <bndbox>
         <xmin>584</xmin>
         <ymin>721</ymin>
         <xmax>681</xmax>
         <ymax>850</ymax>
      </bndbox>
   </object>
   <object>
      <name>ketchup</name>
      <pose>Unspecified</pose>
      <bndbox>
         <xmin>375</xmin>
         <ymin>754</ymin>
         <xmax>439</xmax>
         <ymax>826</ymax>
      </bndbox>
   </object>
   <object>
      <name>orange</name>
      <pose>Unspecified</pose>
      <bndbox>
         <xmin>209</xmin>
         <ymin>821</ymin>
         <xmax>285</xmax>
         <ymax>888</ymax>
      </bndbox>
   </object>
   <object>
      <name>mustard</name>
      <pose>Unspecified</pose>
      <bndbox>
         <xmin>724</xmin>
         <ymin>856</ymin>
         <xmax>804</xmax>
         <ymax>940</ymax>
      </bndbox>
   </object>
</annotation>
