<?xml version="1.0" ?>
<annotation>
   <folder>Annotation</folder>
   <filename>14</filename>
   <path>/14.jpg</path>
   <size>
      <width>1000</width>
      <height>1333</height>
      <depth>3</depth>
   </size>
   <object>
      <name>mustard</name>
      <pose>Unspecified</pose>
      <bndbox>
         <xmin>304</xmin>
         <ymin>487</ymin>
         <xmax>399</xmax>
         <ymax>537</ymax>
      </bndbox>
   </object>
   <object>
      <name>water</name>
      <pose>Unspecified</pose>
      <bndbox>
         <xmin>485</xmin>
         <ymin>471</ymin>
         <xmax>635</xmax>
         <ymax>527</ymax>
      </bndbox>
   </object>
   <object>
      <name>squash</name>
      <pose>Unspecified</pose>
      <bndbox>
         <xmin>700</xmin>
         <ymin>375</ymin>
         <xmax>836</xmax>
         <ymax>527</ymax>
      </bndbox>
   </object>
   <object>
      <name>orange</name>
      <pose>Unspecified</pose>
      <bndbox>
         <xmin>553</xmin>
         <ymin>607</ymin>
         <xmax>633</xmax>
         <ymax>684</ymax>
      </bndbox>
   </object>
   <object>
      <name>eggBox</name>
      <pose>Unspecified</pose>
      <bndbox>
         <xmin>706</xmin>
         <ymin>577</ymin>
         <xmax>864</xmax>
         <ymax>676</ymax>
      </bndbox>
   </object>
   <object>
      <name>joghurt</name>
      <pose>Unspecified</pose>
      <bndbox>
         <xmin>613</xmin>
         <ymin>760</ymin>
         <xmax>720</xmax>
         <ymax>886</ymax>
      </bndbox>
   </object>
   <object>
      <name>squash</name>
      <pose>Unspecified</pose>
      <bndbox>
         <xmin>728</xmin>
         <ymin>817</ymin>
         <xmax>853</xmax>
         <ymax>962</ymax>
      </bndbox>
   </object>
   <object>
      <name>ketchup</name>
      <pose>Unspecified</pose>
      <bndbox>
         <xmin>461</xmin>
         <ymin>861</ymin>
         <xmax>580</xmax>
         <ymax>954</ymax>
      </bndbox>
   </object>
   <object>
      <name>mushroom</name>
      <pose>Unspecified</pose>
      <bndbox>
         <xmin>236</xmin>
         <ymin>849</ymin>
         <xmax>377</xmax>
         <ymax>949</ymax>
      </bndbox>
   </object>
</annotation>
