<?xml version="1.0" ?>
<annotation>
   <folder>Annotation</folder>
   <filename>17</filename>
   <path>/17.jpg</path>
   <size>
      <width>1000</width>
      <height>1333</height>
      <depth>3</depth>
   </size>
   <object>
      <name>mustard</name>
      <pose>Unspecified</pose>
      <bndbox>
         <xmin>264</xmin>
         <ymin>469</ymin>
         <xmax>333</xmax>
         <ymax>520</ymax>
      </bndbox>
   </object>
   <object>
      <name>ketchup</name>
      <pose>Unspecified</pose>
      <bndbox>
         <xmin>343</xmin>
         <ymin>461</ymin>
         <xmax>440</xmax>
         <ymax>523</ymax>
      </bndbox>
   </object>
   <object>
      <name>orange</name>
      <pose>Unspecified</pose>
      <bndbox>
         <xmin>455</xmin>
         <ymin>453</ymin>
         <xmax>533</xmax>
         <ymax>527</ymax>
      </bndbox>
   </object>
   <object>
      <name>squash</name>
      <pose>Unspecified</pose>
      <bndbox>
         <xmin>539</xmin>
         <ymin>376</ymin>
         <xmax>670</xmax>
         <ymax>528</ymax>
      </bndbox>
   </object>
   <object>
      <name>water</name>
      <pose>Unspecified</pose>
      <bndbox>
         <xmin>774</xmin>
         <ymin>445</ymin>
         <xmax>901</xmax>
         <ymax>529</ymax>
      </bndbox>
   </object>
   <object>
      <name>mushroom</name>
      <pose>Unspecified</pose>
      <bndbox>
         <xmin>656</xmin>
         <ymin>593</ymin>
         <xmax>820</xmax>
         <ymax>676</ymax>
      </bndbox>
   </object>
   <object>
      <name>joghurt</name>
      <pose>Unspecified</pose>
      <bndbox>
         <xmin>688</xmin>
         <ymin>800</ymin>
         <xmax>820</xmax>
         <ymax>952</ymax>
      </bndbox>
   </object>
   <object>
      <name>squash</name>
      <pose>Unspecified</pose>
      <bndbox>
         <xmin>539</xmin>
         <ymin>781</ymin>
         <xmax>648</xmax>
         <ymax>908</ymax>
      </bndbox>
   </object>
   <object>
      <name>eggBox</name>
      <pose>Unspecified</pose>
      <bndbox>
         <xmin>227</xmin>
         <ymin>838</ymin>
         <xmax>509</xmax>
         <ymax>933</ymax>
      </bndbox>
   </object>
</annotation>
