<?xml version="1.0" ?>
<annotation>
   <folder>Annotation</folder>
   <filename>18</filename>
   <path>/18.jpg</path>
   <size>
      <width>1000</width>
      <height>1333</height>
      <depth>3</depth>
   </size>
   <object>
      <name>mustard</name>
      <pose>Unspecified</pose>
      <bndbox>
         <xmin>195</xmin>
         <ymin>492</ymin>
         <xmax>295</xmax>
         <ymax>548</ymax>
      </bndbox>
   </object>
   <object>
      <name>ketchup</name>
      <pose>Unspecified</pose>
      <bndbox>
         <xmin>369</xmin>
         <ymin>412</ymin>
         <xmax>436</xmax>
         <ymax>547</ymax>
      </bndbox>
   </object>
   <object>
      <name>squash</name>
      <pose>Unspecified</pose>
      <bndbox>
         <xmin>587</xmin>
         <ymin>403</ymin>
         <xmax>721</xmax>
         <ymax>552</ymax>
      </bndbox>
   </object>
   <object>
      <name>squash</name>
      <pose>Unspecified</pose>
      <bndbox>
         <xmin>729</xmin>
         <ymin>399</ymin>
         <xmax>876</xmax>
         <ymax>552</ymax>
      </bndbox>
   </object>
   <object>
      <name>mushroom</name>
      <pose>Unspecified</pose>
      <bndbox>
         <xmin>660</xmin>
         <ymin>623</ymin>
         <xmax>824</xmax>
         <ymax>706</ymax>
      </bndbox>
   </object>
   <object>
      <name>orange</name>
      <pose>Unspecified</pose>
      <bndbox>
         <xmin>553</xmin>
         <ymin>625</ymin>
         <xmax>629</xmax>
         <ymax>700</ymax>
      </bndbox>
   </object>
   <object>
      <name>water</name>
      <pose>Unspecified</pose>
      <bndbox>
         <xmin>742</xmin>
         <ymin>793</ymin>
         <xmax>814</xmax>
         <ymax>981</ymax>
      </bndbox>
   </object>
   <object>
      <name>joghurt</name>
      <pose>Unspecified</pose>
      <bndbox>
         <xmin>604</xmin>
         <ymin>820</ymin>
         <xmax>720</xmax>
         <ymax>965</ymax>
      </bndbox>
   </object>
   <object>
      <name>eggBox</name>
      <pose>Unspecified</pose>
      <bndbox>
         <xmin>240</xmin>
         <ymin>813</ymin>
         <xmax>409</xmax>
         <ymax>953</ymax>
      </bndbox>
   </object>
</annotation>
