<?xml version="1.0" ?>
<annotation>
   <folder>Annotation</folder>
   <filename>19</filename>
   <path>/19.jpg</path>
   <size>
      <width>1000</width>
      <height>1333</height>
      <depth>3</depth>
   </size>
   <object>
      <name>mustard</name>
      <pose>Unspecified</pose>
      <bndbox>
         <xmin>244</xmin>
         <ymin>444</ymin>
         <xmax>307</xmax>
         <ymax>565</ymax>
      </bndbox>
   </object>
   <object>
      <name>ketchup</name>
      <pose>Unspecified</pose>
      <bndbox>
         <xmin>336</xmin>
         <ymin>420</ymin>
         <xmax>409</xmax>
         <ymax>564</ymax>
      </bndbox>
   </object>
   <object>
      <name>mushroom</name>
      <pose>Unspecified</pose>
      <bndbox>
         <xmin>563</xmin>
         <ymin>504</ymin>
         <xmax>686</xmax>
         <ymax>569</ymax>
      </bndbox>
   </object>
   <object>
      <name>eggBox</name>
      <pose>Unspecified</pose>
      <bndbox>
         <xmin>689</xmin>
         <ymin>500</ymin>
         <xmax>814</xmax>
         <ymax>571</ymax>
      </bndbox>
   </object>
   <object>
      <name>orange</name>
      <pose>Unspecified</pose>
      <bndbox>
         <xmin>532</xmin>
         <ymin>641</ymin>
         <xmax>608</xmax>
         <ymax>714</ymax>
      </bndbox>
   </object>
   <object>
      <name>water</name>
      <pose>Unspecified</pose>
      <bndbox>
         <xmin>697</xmin>
         <ymin>806</ymin>
         <xmax>770</xmax>
         <ymax>990</ymax>
      </bndbox>
   </object>
   <object>
      <name>joghurt</name>
      <pose>Unspecified</pose>
      <bndbox>
         <xmin>563</xmin>
         <ymin>841</ymin>
         <xmax>681</xmax>
         <ymax>997</ymax>
      </bndbox>
   </object>
   <object>
      <name>squash</name>
      <pose>Unspecified</pose>
      <bndbox>
         <xmin>376</xmin>
         <ymin>846</ymin>
         <xmax>497</xmax>
         <ymax>978</ymax>
      </bndbox>
   </object>
   <object>
      <name>squash</name>
      <pose>Unspecified</pose>
      <bndbox>
         <xmin>216</xmin>
         <ymin>842</ymin>
         <xmax>335</xmax>
         <ymax>981</ymax>
      </bndbox>
   </object>
</annotation>
