<?xml version="1.0" ?>
<annotation>
   <folder>Annotation</folder>
   <filename>2</filename>
   <path>/2.jpg</path>
   <size>
      <width>1000</width>
      <height>1333</height>
      <depth>3</depth>
   </size>
   <object>
      <name>eggBox</name>
      <pose>Unspecified</pose>
      <bndbox>
         <xmin>208</xmin>
         <ymin>425</ymin>
         <xmax>369</xmax>
         <ymax>503</ymax>
      </bndbox>
   </object>
   <object>
      <name>mustard</name>
      <pose>Unspecified</pose>
      <bndbox>
         <xmin>432</xmin>
         <ymin>387</ymin>
         <xmax>503</xmax>
         <ymax>508</ymax>
      </bndbox>
   </object>
   <object>
      <name>joghurt</name>
      <pose>Unspecified</pose>
      <bndbox>
         <xmin>603</xmin>
         <ymin>389</ymin>
         <xmax>701</xmax>
         <ymax>507</ymax>
      </bndbox>
   </object>
   <object>
      <name>orange</name>
      <pose>Unspecified</pose>
      <bndbox>
         <xmin>728</xmin>
         <ymin>440</ymin>
         <xmax>808</xmax>
         <ymax>513</ymax>
      </bndbox>
   </object>
   <object>
      <name>squash</name>
      <pose>Unspecified</pose>
      <bndbox>
         <xmin>571</xmin>
         <ymin>532</ymin>
         <xmax>700</xmax>
         <ymax>657</ymax>
      </bndbox>
   </object>
   <object>
      <name>water</name>
      <pose>Unspecified</pose>
      <bndbox>
         <xmin>674</xmin>
         <ymin>700</ymin>
         <xmax>730</xmax>
         <ymax>844</ymax>
      </bndbox>
   </object>
   <object>
      <name>squash</name>
      <pose>Unspecified</pose>
      <bndbox>
         <xmin>509</xmin>
         <ymin>785</ymin>
         <xmax>627</xmax>
         <ymax>921</ymax>
      </bndbox>
   </object>
   <object>
      <name>mushroom</name>
      <pose>Unspecified</pose>
      <bndbox>
         <xmin>380</xmin>
         <ymin>769</ymin>
         <xmax>504</xmax>
         <ymax>841</ymax>
      </bndbox>
   </object>
   <object>
      <name>ketchup</name>
      <pose>Unspecified</pose>
      <bndbox>
         <xmin>231</xmin>
         <ymin>753</ymin>
         <xmax>291</xmax>
         <ymax>898</ymax>
      </bndbox>
   </object>
</annotation>
