<?xml version="1.0" ?>
<annotation>
   <folder>Annotation</folder>
   <filename>21</filename>
   <path>/21.jpg</path>
   <size>
      <width>1000</width>
      <height>1333</height>
      <depth>3</depth>
   </size>
   <object>
      <name>mushroom</name>
      <pose>Unspecified</pose>
      <bndbox>
         <xmin>176</xmin>
         <ymin>299</ymin>
         <xmax>301</xmax>
         <ymax>451</ymax>
      </bndbox>
   </object>
   <object>
      <name>eggBox</name>
      <pose>Unspecified</pose>
      <bndbox>
         <xmin>188</xmin>
         <ymin>448</ymin>
         <xmax>487</xmax>
         <ymax>527</ymax>
      </bndbox>
   </object>
   <object>
      <name>water</name>
      <pose>Unspecified</pose>
      <bndbox>
         <xmin>573</xmin>
         <ymin>324</ymin>
         <xmax>649</xmax>
         <ymax>531</ymax>
      </bndbox>
   </object>
   <object>
      <name>mustard</name>
      <pose>Unspecified</pose>
      <bndbox>
         <xmin>736</xmin>
         <ymin>217</ymin>
         <xmax>825</xmax>
         <ymax>371</ymax>
      </bndbox>
   </object>
   <object>
      <name>ketchup</name>
      <pose>Unspecified</pose>
      <bndbox>
         <xmin>724</xmin>
         <ymin>372</ymin>
         <xmax>812</xmax>
         <ymax>531</ymax>
      </bndbox>
   </object>
   <object>
      <name>squash</name>
      <pose>Unspecified</pose>
      <bndbox>
         <xmin>704</xmin>
         <ymin>559</ymin>
         <xmax>838</xmax>
         <ymax>680</ymax>
      </bndbox>
   </object>
   <object>
      <name>squash</name>
      <pose>Unspecified</pose>
      <bndbox>
         <xmin>649</xmin>
         <ymin>822</ymin>
         <xmax>777</xmax>
         <ymax>960</ymax>
      </bndbox>
   </object>
   <object>
      <name>joghurt</name>
      <pose>Unspecified</pose>
      <bndbox>
         <xmin>251</xmin>
         <ymin>790</ymin>
         <xmax>367</xmax>
         <ymax>922</ymax>
      </bndbox>
   </object>
   <object>
      <name>orange</name>
      <pose>Unspecified</pose>
      <bndbox>
         <xmin>240</xmin>
         <ymin>732</ymin>
         <xmax>315</xmax>
         <ymax>798</ymax>
      </bndbox>
   </object>
</annotation>
