<?xml version="1.0" ?>
<annotation>
   <folder>Annotation</folder>
   <filename>22</filename>
   <path>/22.jpg</path>
   <size>
      <width>1000</width>
      <height>1333</height>
      <depth>3</depth>
   </size>
   <object>
      <name>eggBox</name>
      <pose>Unspecified</pose>
      <bndbox>
         <xmin>201</xmin>
         <ymin>439</ymin>
         <xmax>511</xmax>
         <ymax>519</ymax>
      </bndbox>
   </object>
   <object>
      <name>water</name>
      <pose>Unspecified</pose>
      <bndbox>
         <xmin>595</xmin>
         <ymin>309</ymin>
         <xmax>677</xmax>
         <ymax>520</ymax>
      </bndbox>
   </object>
   <object>
      <name>ketchup</name>
      <pose>Unspecified</pose>
      <bndbox>
         <xmin>750</xmin>
         <ymin>344</ymin>
         <xmax>841</xmax>
         <ymax>519</ymax>
      </bndbox>
   </object>
   <object>
      <name>squash</name>
      <pose>Unspecified</pose>
      <bndbox>
         <xmin>736</xmin>
         <ymin>547</ymin>
         <xmax>868</xmax>
         <ymax>673</ymax>
      </bndbox>
   </object>
   <object>
      <name>mushroom</name>
      <pose>Unspecified</pose>
      <bndbox>
         <xmin>527</xmin>
         <ymin>589</ymin>
         <xmax>668</xmax>
         <ymax>673</ymax>
      </bndbox>
   </object>
   <object>
      <name>squash</name>
      <pose>Unspecified</pose>
      <bndbox>
         <xmin>680</xmin>
         <ymin>810</ymin>
         <xmax>808</xmax>
         <ymax>954</ymax>
      </bndbox>
   </object>
   <object>
      <name>mustard</name>
      <pose>Unspecified</pose>
      <bndbox>
         <xmin>577</xmin>
         <ymin>806</ymin>
         <xmax>655</xmax>
         <ymax>932</ymax>
      </bndbox>
   </object>
   <object>
      <name>orange</name>
      <pose>Unspecified</pose>
      <bndbox>
         <xmin>445</xmin>
         <ymin>860</ymin>
         <xmax>517</xmax>
         <ymax>932</ymax>
      </bndbox>
   </object>
   <object>
      <name>joghurt</name>
      <pose>Unspecified</pose>
      <bndbox>
         <xmin>272</xmin>
         <ymin>782</ymin>
         <xmax>391</xmax>
         <ymax>929</ymax>
      </bndbox>
   </object>
</annotation>
