<?xml version="1.0" ?>
<annotation>
   <folder>Annotation</folder>
   <filename>23</filename>
   <path>/23.jpg</path>
   <size>
      <width>1000</width>
      <height>1333</height>
      <depth>3</depth>
   </size>
   <object>
      <name>orange</name>
      <pose>Unspecified</pose>
      <bndbox>
         <xmin>303</xmin>
         <ymin>424</ymin>
         <xmax>368</xmax>
         <ymax>479</ymax>
      </bndbox>
   </object>
   <object>
      <name>ketchup</name>
      <pose>Unspecified</pose>
      <bndbox>
         <xmin>508</xmin>
         <ymin>360</ymin>
         <xmax>564</xmax>
         <ymax>489</ymax>
      </bndbox>
   </object>
   <object>
      <name>water</name>
      <pose>Unspecified</pose>
      <bndbox>
         <xmin>704</xmin>
         <ymin>319</ymin>
         <xmax>765</xmax>
         <ymax>483</ymax>
      </bndbox>
   </object>
   <object>
      <name>squash</name>
      <pose>Unspecified</pose>
      <bndbox>
         <xmin>692</xmin>
         <ymin>517</ymin>
         <xmax>826</xmax>
         <ymax>637</ymax>
      </bndbox>
   </object>
   <object>
      <name>squash</name>
      <pose>Unspecified</pose>
      <bndbox>
         <xmin>651</xmin>
         <ymin>774</ymin>
         <xmax>774</xmax>
         <ymax>909</ymax>
      </bndbox>
   </object>
   <object>
      <name>mustard</name>
      <pose>Unspecified</pose>
      <bndbox>
         <xmin>567</xmin>
         <ymin>714</ymin>
         <xmax>620</xmax>
         <ymax>818</ymax>
      </bndbox>
   </object>
   <object>
      <name>eggBox</name>
      <pose>Unspecified</pose>
      <bndbox>
         <xmin>363</xmin>
         <ymin>814</ymin>
         <xmax>635</xmax>
         <ymax>910</ymax>
      </bndbox>
   </object>
   <object>
      <name>mushroom</name>
      <pose>Unspecified</pose>
      <bndbox>
         <xmin>408</xmin>
         <ymin>750</ymin>
         <xmax>509</xmax>
         <ymax>821</ymax>
      </bndbox>
   </object>
   <object>
      <name>joghurt</name>
      <pose>Unspecified</pose>
      <bndbox>
         <xmin>248</xmin>
         <ymin>756</ymin>
         <xmax>365</xmax>
         <ymax>894</ymax>
      </bndbox>
   </object>
</annotation>
