<?xml version="1.0" ?>
<annotation>
   <folder>Annotation</folder>
   <filename>24</filename>
   <path>/24.jpg</path>
   <size>
      <width>1000</width>
      <height>1333</height>
      <depth>3</depth>
   </size>
   <object>
      <name>orange</name>
      <pose>Unspecified</pose>
      <bndbox>
         <xmin>365</xmin>
         <ymin>412</ymin>
         <xmax>421</xmax>
         <ymax>471</ymax>
      </bndbox>
   </object>
   <object>
      <name>ketchup</name>
      <pose>Unspecified</pose>
      <bndbox>
         <xmin>515</xmin>
         <ymin>351</ymin>
         <xmax>579</xmax>
         <ymax>485</ymax>
      </bndbox>
   </object>
   <object>
      <name>water</name>
      <pose>Unspecified</pose>
      <bndbox>
         <xmin>672</xmin>
         <ymin>324</ymin>
         <xmax>733</xmax>
         <ymax>487</ymax>
      </bndbox>
   </object>
   <object>
      <name>mustard</name>
      <pose>Unspecified</pose>
      <bndbox>
         <xmin>832</xmin>
         <ymin>353</ymin>
         <xmax>914</xmax>
         <ymax>496</ymax>
      </bndbox>
   </object>
   <object>
      <name>squash</name>
      <pose>Unspecified</pose>
      <bndbox>
         <xmin>744</xmin>
         <ymin>528</ymin>
         <xmax>880</xmax>
         <ymax>645</ymax>
      </bndbox>
   </object>
   <object>
      <name>mushroom</name>
      <pose>Unspecified</pose>
      <bndbox>
         <xmin>549</xmin>
         <ymin>560</ymin>
         <xmax>708</xmax>
         <ymax>643</ymax>
      </bndbox>
   </object>
   <object>
      <name>squash</name>
      <pose>Unspecified</pose>
      <bndbox>
         <xmin>682</xmin>
         <ymin>777</ymin>
         <xmax>809</xmax>
         <ymax>918</ymax>
      </bndbox>
   </object>
   <object>
      <name>eggBox</name>
      <pose>Unspecified</pose>
      <bndbox>
         <xmin>440</xmin>
         <ymin>773</ymin>
         <xmax>627</xmax>
         <ymax>910</ymax>
      </bndbox>
   </object>
   <object>
      <name>joghurt</name>
      <pose>Unspecified</pose>
      <bndbox>
         <xmin>291</xmin>
         <ymin>738</ymin>
         <xmax>403</xmax>
         <ymax>877</ymax>
      </bndbox>
   </object>
</annotation>
