<?xml version="1.0" ?>
<annotation>
   <folder>Annotation</folder>
   <filename>26</filename>
   <path>/26.jpg</path>
   <size>
      <width>1000</width>
      <height>1333</height>
      <depth>3</depth>
   </size>
   <object>
      <name>mustard</name>
      <pose>Unspecified</pose>
      <bndbox>
         <xmin>215</xmin>
         <ymin>371</ymin>
         <xmax>275</xmax>
         <ymax>501</ymax>
      </bndbox>
   </object>
   <object>
      <name>ketchup</name>
      <pose>Unspecified</pose>
      <bndbox>
         <xmin>335</xmin>
         <ymin>372</ymin>
         <xmax>403</xmax>
         <ymax>499</ymax>
      </bndbox>
   </object>
   <object>
      <name>eggBox</name>
      <pose>Unspecified</pose>
      <bndbox>
         <xmin>508</xmin>
         <ymin>439</ymin>
         <xmax>681</xmax>
         <ymax>513</ymax>
      </bndbox>
   </object>
   <object>
      <name>squash</name>
      <pose>Unspecified</pose>
      <bndbox>
         <xmin>730</xmin>
         <ymin>365</ymin>
         <xmax>866</xmax>
         <ymax>512</ymax>
      </bndbox>
   </object>
   <object>
      <name>mushroom</name>
      <pose>Unspecified</pose>
      <bndbox>
         <xmin>529</xmin>
         <ymin>587</ymin>
         <xmax>690</xmax>
         <ymax>672</ymax>
      </bndbox>
   </object>
   <object>
      <name>orange</name>
      <pose>Unspecified</pose>
      <bndbox>
         <xmin>405</xmin>
         <ymin>571</ymin>
         <xmax>487</xmax>
         <ymax>647</ymax>
      </bndbox>
   </object>
   <object>
      <name>joghurt</name>
      <pose>Unspecified</pose>
      <bndbox>
         <xmin>436</xmin>
         <ymin>746</ymin>
         <xmax>543</xmax>
         <ymax>878</ymax>
      </bndbox>
   </object>
   <object>
      <name>squash</name>
      <pose>Unspecified</pose>
      <bndbox>
         <xmin>252</xmin>
         <ymin>784</ymin>
         <xmax>379</xmax>
         <ymax>914</ymax>
      </bndbox>
   </object>
   <object>
      <name>water</name>
      <pose>Unspecified</pose>
      <bndbox>
         <xmin>740</xmin>
         <ymin>765</ymin>
         <xmax>816</xmax>
         <ymax>952</ymax>
      </bndbox>
   </object>
</annotation>
