<?xml version="1.0" ?>
<annotation>
   <folder>Annotation</folder>
   <filename>3</filename>
   <path>/3.jpg</path>
   <size>
      <width>1000</width>
      <height>1333</height>
      <depth>3</depth>
   </size>
   <object>
      <name>mustard</name>
      <pose>Unspecified</pose>
      <bndbox>
         <xmin>196</xmin>
         <ymin>468</ymin>
         <xmax>325</xmax>
         <ymax>515</ymax>
      </bndbox>
   </object>
   <object>
      <name>eggBox</name>
      <pose>Unspecified</pose>
      <bndbox>
         <xmin>355</xmin>
         <ymin>455</ymin>
         <xmax>584</xmax>
         <ymax>513</ymax>
      </bndbox>
   </object>
   <object>
      <name>ketchup</name>
      <pose>Unspecified</pose>
      <bndbox>
         <xmin>607</xmin>
         <ymin>459</ymin>
         <xmax>696</xmax>
         <ymax>517</ymax>
      </bndbox>
   </object>
   <object>
      <name>squash</name>
      <pose>Unspecified</pose>
      <bndbox>
         <xmin>557</xmin>
         <ymin>539</ymin>
         <xmax>688</xmax>
         <ymax>659</ymax>
      </bndbox>
   </object>
   <object>
      <name>orange</name>
      <pose>Unspecified</pose>
      <bndbox>
         <xmin>724</xmin>
         <ymin>596</ymin>
         <xmax>809</xmax>
         <ymax>665</ymax>
      </bndbox>
   </object>
   <object>
      <name>joghurt</name>
      <pose>Unspecified</pose>
      <bndbox>
         <xmin>666</xmin>
         <ymin>784</ymin>
         <xmax>785</xmax>
         <ymax>936</ymax>
      </bndbox>
   </object>
   <object>
      <name>mushroom</name>
      <pose>Unspecified</pose>
      <bndbox>
         <xmin>388</xmin>
         <ymin>785</ymin>
         <xmax>515</xmax>
         <ymax>858</ymax>
      </bndbox>
   </object>
   <object>
      <name>water</name>
      <pose>Unspecified</pose>
      <bndbox>
         <xmin>268</xmin>
         <ymin>746</ymin>
         <xmax>333</xmax>
         <ymax>926</ymax>
      </bndbox>
   </object>
   <object>
      <name>squash</name>
      <pose>Unspecified</pose>
      <bndbox>
         <xmin>588</xmin>
         <ymin>1018</ymin>
         <xmax>716</xmax>
         <ymax>1162</ymax>
      </bndbox>
   </object>
</annotation>
