<?xml version="1.0" ?>
<annotation>
   <folder>Annotation</folder>
   <filename>4</filename>
   <path>/4.jpg</path>
   <size>
      <width>1000</width>
      <height>1333</height>
      <depth>3</depth>
   </size>
   <object>
      <name>ketchup</name>
      <pose>Unspecified</pose>
      <bndbox>
         <xmin>307</xmin>
         <ymin>481</ymin>
         <xmax>423</xmax>
         <ymax>544</ymax>
      </bndbox>
   </object>
   <object>
      <name>mustard</name>
      <pose>Unspecified</pose>
      <bndbox>
         <xmin>532</xmin>
         <ymin>489</ymin>
         <xmax>661</xmax>
         <ymax>544</ymax>
      </bndbox>
   </object>
   <object>
      <name>eggBox</name>
      <pose>Unspecified</pose>
      <bndbox>
         <xmin>704</xmin>
         <ymin>471</ymin>
         <xmax>852</xmax>
         <ymax>541</ymax>
      </bndbox>
   </object>
   <object>
      <name>squash</name>
      <pose>Unspecified</pose>
      <bndbox>
         <xmin>701</xmin>
         <ymin>568</ymin>
         <xmax>837</xmax>
         <ymax>693</ymax>
      </bndbox>
   </object>
   <object>
      <name>orange</name>
      <pose>Unspecified</pose>
      <bndbox>
         <xmin>565</xmin>
         <ymin>621</ymin>
         <xmax>644</xmax>
         <ymax>689</ymax>
      </bndbox>
   </object>
   <object>
      <name>joghurt</name>
      <pose>Unspecified</pose>
      <bndbox>
         <xmin>674</xmin>
         <ymin>766</ymin>
         <xmax>781</xmax>
         <ymax>893</ymax>
      </bndbox>
   </object>
   <object>
      <name>water</name>
      <pose>Unspecified</pose>
      <bndbox>
         <xmin>355</xmin>
         <ymin>724</ymin>
         <xmax>409</xmax>
         <ymax>865</ymax>
      </bndbox>
   </object>
   <object>
      <name>mushroom</name>
      <pose>Unspecified</pose>
      <bndbox>
         <xmin>465</xmin>
         <ymin>872</ymin>
         <xmax>605</xmax>
         <ymax>965</ymax>
      </bndbox>
   </object>
   <object>
      <name>squash</name>
      <pose>Unspecified</pose>
      <bndbox>
         <xmin>603</xmin>
         <ymin>1052</ymin>
         <xmax>730</xmax>
         <ymax>1201</ymax>
      </bndbox>
   </object>
</annotation>
