<?xml version="1.0" ?>
<annotation>
   <folder>Annotation</folder>
   <filename>6</filename>
   <path>/6.jpg</path>
   <size>
      <width>1000</width>
      <height>1333</height>
      <depth>3</depth>
   </size>
   <object>
      <name>mushroom</name>
      <pose>Unspecified</pose>
      <bndbox>
         <xmin>179</xmin>
         <ymin>463</ymin>
         <xmax>328</xmax>
         <ymax>532</ymax>
      </bndbox>
   </object>
   <object>
      <name>squash</name>
      <pose>Unspecified</pose>
      <bndbox>
         <xmin>403</xmin>
         <ymin>391</ymin>
         <xmax>497</xmax>
         <ymax>511</ymax>
      </bndbox>
   </object>
   <object>
      <name>mustard</name>
      <pose>Unspecified</pose>
      <bndbox>
         <xmin>580</xmin>
         <ymin>381</ymin>
         <xmax>636</xmax>
         <ymax>516</ymax>
      </bndbox>
   </object>
   <object>
      <name>ketchup</name>
      <pose>Unspecified</pose>
      <bndbox>
         <xmin>701</xmin>
         <ymin>343</ymin>
         <xmax>774</xmax>
         <ymax>503</ymax>
      </bndbox>
   </object>
   <object>
      <name>orange</name>
      <pose>Unspecified</pose>
      <bndbox>
         <xmin>575</xmin>
         <ymin>585</ymin>
         <xmax>653</xmax>
         <ymax>659</ymax>
      </bndbox>
   </object>
   <object>
      <name>joghurt</name>
      <pose>Unspecified</pose>
      <bndbox>
         <xmin>677</xmin>
         <ymin>777</ymin>
         <xmax>792</xmax>
         <ymax>918</ymax>
      </bndbox>
   </object>
   <object>
      <name>eggBox</name>
      <pose>Unspecified</pose>
      <bndbox>
         <xmin>515</xmin>
         <ymin>786</ymin>
         <xmax>635</xmax>
         <ymax>924</ymax>
      </bndbox>
   </object>
   <object>
      <name>water</name>
      <pose>Unspecified</pose>
      <bndbox>
         <xmin>341</xmin>
         <ymin>737</ymin>
         <xmax>408</xmax>
         <ymax>906</ymax>
      </bndbox>
   </object>
   <object>
      <name>squash</name>
      <pose>Unspecified</pose>
      <bndbox>
         <xmin>611</xmin>
         <ymin>1006</ymin>
         <xmax>741</xmax>
         <ymax>1152</ymax>
      </bndbox>
   </object>
</annotation>
