<?xml version="1.0" ?>
<annotation>
   <folder>Annotation</folder>
   <filename>7</filename>
   <path>/7.jpg</path>
   <size>
      <width>1000</width>
      <height>1333</height>
      <depth>3</depth>
   </size>
   <object>
      <name>squash</name>
      <pose>Unspecified</pose>
      <bndbox>
         <xmin>213</xmin>
         <ymin>344</ymin>
         <xmax>344</xmax>
         <ymax>481</ymax>
      </bndbox>
   </object>
   <object>
      <name>mushroom</name>
      <pose>Unspecified</pose>
      <bndbox>
         <xmin>472</xmin>
         <ymin>424</ymin>
         <xmax>589</xmax>
         <ymax>480</ymax>
      </bndbox>
   </object>
   <object>
      <name>ketchup</name>
      <pose>Unspecified</pose>
      <bndbox>
         <xmin>627</xmin>
         <ymin>329</ymin>
         <xmax>694</xmax>
         <ymax>484</ymax>
      </bndbox>
   </object>
   <object>
      <name>mustard</name>
      <pose>Unspecified</pose>
      <bndbox>
         <xmin>741</xmin>
         <ymin>361</ymin>
         <xmax>817</xmax>
         <ymax>485</ymax>
      </bndbox>
   </object>
   <object>
      <name>orange</name>
      <pose>Unspecified</pose>
      <bndbox>
         <xmin>714</xmin>
         <ymin>567</ymin>
         <xmax>792</xmax>
         <ymax>637</ymax>
      </bndbox>
   </object>
   <object>
      <name>water</name>
      <pose>Unspecified</pose>
      <bndbox>
         <xmin>643</xmin>
         <ymin>845</ymin>
         <xmax>841</xmax>
         <ymax>926</ymax>
      </bndbox>
   </object>
   <object>
      <name>eggBox</name>
      <pose>Unspecified</pose>
      <bndbox>
         <xmin>492</xmin>
         <ymin>757</ymin>
         <xmax>589</xmax>
         <ymax>888</ymax>
      </bndbox>
   </object>
   <object>
      <name>joghurt</name>
      <pose>Unspecified</pose>
      <bndbox>
         <xmin>307</xmin>
         <ymin>752</ymin>
         <xmax>423</xmax>
         <ymax>898</ymax>
      </bndbox>
   </object>
   <object>
      <name>squash</name>
      <pose>Unspecified</pose>
      <bndbox>
         <xmin>311</xmin>
         <ymin>969</ymin>
         <xmax>435</xmax>
         <ymax>1106</ymax>
      </bndbox>
   </object>
</annotation>
