<?xml version="1.0" ?>
<annotation>
   <folder>Annotation</folder>
   <filename>8</filename>
   <path>/8.jpg</path>
   <size>
      <width>1000</width>
      <height>1333</height>
      <depth>3</depth>
   </size>
   <object>
      <name>mustard</name>
      <pose>Unspecified</pose>
      <bndbox>
         <xmin>248</xmin>
         <ymin>384</ymin>
         <xmax>309</xmax>
         <ymax>509</ymax>
      </bndbox>
   </object>
   <object>
      <name>ketchup</name>
      <pose>Unspecified</pose>
      <bndbox>
         <xmin>347</xmin>
         <ymin>384</ymin>
         <xmax>403</xmax>
         <ymax>511</ymax>
      </bndbox>
   </object>
   <object>
      <name>mushroom</name>
      <pose>Unspecified</pose>
      <bndbox>
         <xmin>519</xmin>
         <ymin>453</ymin>
         <xmax>661</xmax>
         <ymax>520</ymax>
      </bndbox>
   </object>
   <object>
      <name>squash</name>
      <pose>Unspecified</pose>
      <bndbox>
         <xmin>726</xmin>
         <ymin>384</ymin>
         <xmax>869</xmax>
         <ymax>525</ymax>
      </bndbox>
   </object>
   <object>
      <name>water</name>
      <pose>Unspecified</pose>
      <bndbox>
         <xmin>682</xmin>
         <ymin>607</ymin>
         <xmax>838</xmax>
         <ymax>682</ymax>
      </bndbox>
   </object>
   <object>
      <name>eggBox</name>
      <pose>Unspecified</pose>
      <bndbox>
         <xmin>702</xmin>
         <ymin>776</ymin>
         <xmax>804</xmax>
         <ymax>905</ymax>
      </bndbox>
   </object>
   <object>
      <name>joghurt</name>
      <pose>Unspecified</pose>
      <bndbox>
         <xmin>347</xmin>
         <ymin>730</ymin>
         <xmax>439</xmax>
         <ymax>852</ymax>
      </bndbox>
   </object>
   <object>
      <name>orange</name>
      <pose>Unspecified</pose>
      <bndbox>
         <xmin>277</xmin>
         <ymin>840</ymin>
         <xmax>347</xmax>
         <ymax>909</ymax>
      </bndbox>
   </object>
   <object>
      <name>squash</name>
      <pose>Unspecified</pose>
      <bndbox>
         <xmin>299</xmin>
         <ymin>982</ymin>
         <xmax>417</xmax>
         <ymax>1125</ymax>
      </bndbox>
   </object>
</annotation>
