<?xml version="1.0" ?>
<annotation>
   <folder>Annotation</folder>
   <filename>9</filename>
   <path>/9.jpg</path>
   <size>
      <width>1000</width>
      <height>1333</height>
      <depth>3</depth>
   </size>
   <object>
      <name>mustard</name>
      <pose>Unspecified</pose>
      <bndbox>
         <xmin>232</xmin>
         <ymin>452</ymin>
         <xmax>379</xmax>
         <ymax>509</ymax>
      </bndbox>
   </object>
   <object>
      <name>water</name>
      <pose>Unspecified</pose>
      <bndbox>
         <xmin>512</xmin>
         <ymin>341</ymin>
         <xmax>572</xmax>
         <ymax>512</ymax>
      </bndbox>
   </object>
   <object>
      <name>squash</name>
      <pose>Unspecified</pose>
      <bndbox>
         <xmin>720</xmin>
         <ymin>364</ymin>
         <xmax>866</xmax>
         <ymax>515</ymax>
      </bndbox>
   </object>
   <object>
      <name>mushroom</name>
      <pose>Unspecified</pose>
      <bndbox>
         <xmin>535</xmin>
         <ymin>588</ymin>
         <xmax>685</xmax>
         <ymax>670</ymax>
      </bndbox>
   </object>
   <object>
      <name>orange</name>
      <pose>Unspecified</pose>
      <bndbox>
         <xmin>758</xmin>
         <ymin>596</ymin>
         <xmax>837</xmax>
         <ymax>663</ymax>
      </bndbox>
   </object>
   <object>
      <name>eggBox</name>
      <pose>Unspecified</pose>
      <bndbox>
         <xmin>692</xmin>
         <ymin>772</ymin>
         <xmax>805</xmax>
         <ymax>900</ymax>
      </bndbox>
   </object>
   <object>
      <name>ketchup</name>
      <pose>Unspecified</pose>
      <bndbox>
         <xmin>488</xmin>
         <ymin>841</ymin>
         <xmax>625</xmax>
         <ymax>904</ymax>
      </bndbox>
   </object>
   <object>
      <name>joghurt</name>
      <pose>Unspecified</pose>
      <bndbox>
         <xmin>333</xmin>
         <ymin>732</ymin>
         <xmax>427</xmax>
         <ymax>861</ymax>
      </bndbox>
   </object>
   <object>
      <name>squash</name>
      <pose>Unspecified</pose>
      <bndbox>
         <xmin>291</xmin>
         <ymin>1001</ymin>
         <xmax>411</xmax>
         <ymax>1144</ymax>
      </bndbox>
   </object>
</annotation>
